Workbook

Sheet 📋 Data Pasien
A1: 🏥 PEMBUKUAN KLINIK
A2: Pencatatan mulai Rabu, 01 April 2026 — Subtotal muncul otomatis setiap akhir tanggal
A3: 💡 CARA INPUT: Tanggal sudah terisi otomatis per blok hari. ① Nama Pasien ② Biaya Dokter ③ Jenis Bayar Dokter ▼ ④ Status Obat ▼ ⑤ Biaya Obat ⑥ Jenis Bayar Obat ▼ ⑦ Keterangan ▼
A4: 🟡 Cash = kuning 🔵 Transfer = biru 🔴 Tidak Ambil Obat = merah 🟢 Blok hijau = header hari 🔵 Subtotal biru = otomatis | F4: 📅 Mulai: 01 April 2026 | 15 slot pasien/hari | Format Accounting (Rp)
A5: No. | B5: Tanggal | C5: Nama Pasien | D5: Biaya Dokter (Rp) | E5: Jenis Bayar Dokter ▼ | F5: Status Obat ▼ | G5: Biaya Obat (Rp) | H5: Jenis Bayar Obat ▼ | I5: Total Biaya (Rp) | J5: Dokter Per Hari ▼ | K5: Keterangan ▼
A6: 📅 Rabu, 01 April 2026
A7: 1 | B7: 46113 | E7: ▼ | F7: ▼ | H7: ▼ | I7: =IF(C7="","",D7+IF(F7="Ambil Obat",IF(G7="",0,G7),0)) | K7: ▼
A8: 2 | B8: 46113 | E8: ▼ | F8: ▼ | H8: ▼ | I8: =IF(C8="","",D8+IF(F8="Ambil Obat",IF(G8="",0,G8),0)) | K8: ▼
A9: 3 | B9: 46113 | E9: ▼ | F9: ▼ | H9: ▼ | I9: =IF(C9="","",D9+IF(F9="Ambil Obat",IF(G9="",0,G9),0)) | K9: ▼
A10: 4 | B10: 46113 | E10: ▼ | F10: ▼ | H10: ▼ | I10: =IF(C10="","",D10+IF(F10="Ambil Obat",IF(G10="",0,G10),0)) | K10: ▼
A11: 5 | B11: 46113 | E11: ▼ | F11: ▼ | H11: ▼ | I11: =IF(C11="","",D11+IF(F11="Ambil Obat",IF(G11="",0,G11),0)) | K11: ▼
A12: 6 | B12: 46113 | E12: ▼ | F12: ▼ | H12: ▼ | I12: =IF(C12="","",D12+IF(F12="Ambil Obat",IF(G12="",0,G12),0)) | K12: ▼
A13: 7 | B13: 46113 | E13: ▼ | F13: ▼ | H13: ▼ | I13: =IF(C13="","",D13+IF(F13="Ambil Obat",IF(G13="",0,G13),0)) | K13: ▼
A14: 8 | B14: 46113 | E14: ▼ | F14: ▼ | H14: ▼ | I14: =IF(C14="","",D14+IF(F14="Ambil Obat",IF(G14="",0,G14),0)) | K14: ▼
A15: 9 | B15: 46113 | E15: ▼ | F15: ▼ | H15: ▼ | I15: =IF(C15="","",D15+IF(F15="Ambil Obat",IF(G15="",0,G15),0)) | K15: ▼
A16: 10 | B16: 46113 | E16: ▼ | F16: ▼ | H16: ▼ | I16: =IF(C16="","",D16+IF(F16="Ambil Obat",IF(G16="",0,G16),0)) | K16: ▼
A17: 11 | B17: 46113 | E17: ▼ | F17: ▼ | H17: ▼ | I17: =IF(C17="","",D17+IF(F17="Ambil Obat",IF(G17="",0,G17),0)) | K17: ▼
A18: =IF(COUNTA(C7:C17)=0,"— belum ada data —","📊 Sub-total "& TEXT(B7,"DD MMM YYYY") &" ("&COUNTA(C7:C17)&" pasien)") | D18: =IF(COUNTA(C7:C17)=0,"",SUM(D7:D17)) | E18: =IF(COUNTA(C7:C17)=0,"",SUMIF(E7:E17,"Cash",D7:D17)) | F18: =IF(COUNTA(C7:C17)=0,"",SUMIF(E7:E17,"Transfer Bank",D7:D17)) | G18: =IF(COUNTA(C7:C17)=0,"",SUMIF(F7:F17,"Ambil Obat",G7:G17)) | H18: =IF(COUNTA(C7:C17)=0,"",SUMIFS(G7:G17,H7:H17,"Cash",F7:F17,"Ambil Obat")) | I18: =IF(COUNTA(C7:C17)=0,"",SUMIFS(G7:G17,H7:H17,"Transfer Bank",F7:F17,"Ambil Obat")) | K18: =IF(COUNTA(C7:C17)=0,"",D18+G18)
A19: 📅 Kamis, 02 April 2026
A20: 1 | B20: 46114 | E20: ▼ | F20: ▼ | H20: ▼ | I20: =IF(C20="","",D20+IF(F20="Ambil Obat",IF(G20="",0,G20),0)) | K20: ▼
A21: 2 | B21: 46114 | E21: ▼ | F21: ▼ | H21: ▼ | I21: =IF(C21="","",D21+IF(F21="Ambil Obat",IF(G21="",0,G21),0)) | K21: ▼
A22: 3 | B22: 46114 | E22: ▼ | F22: ▼ | H22: ▼ | I22: =IF(C22="","",D22+IF(F22="Ambil Obat",IF(G22="",0,G22),0)) | K22: ▼
A23: 4 | B23: 46114 | E23: ▼ | F23: ▼ | H23: ▼ | I23: =IF(C23="","",D23+IF(F23="Ambil Obat",IF(G23="",0,G23),0)) | K23: ▼
A24: 5 | B24: 46114 | E24: ▼ | F24: ▼ | H24: ▼ | I24: =IF(C24="","",D24+IF(F24="Ambil Obat",IF(G24="",0,G24),0)) | K24: ▼
A25: 6 | B25: 46114 | E25: ▼ | F25: ▼ | H25: ▼ | I25: =IF(C25="","",D25+IF(F25="Ambil Obat",IF(G25="",0,G25),0)) | K25: ▼
A26: 7 | B26: 46114 | E26: ▼ | F26: ▼ | H26: ▼ | I26: =IF(C26="","",D26+IF(F26="Ambil Obat",IF(G26="",0,G26),0)) | K26: ▼
A27: =IF(COUNTA(C20:C26)=0,"— belum ada data —","📊 Sub-total "& TEXT(B20,"DD MMM YYYY") &" ("&COUNTA(C20:C26)&" pasien)") | D27: =IF(COUNTA(C20:C26)=0,"",SUM(D20:D26)) | E27: =IF(COUNTA(C20:C26)=0,"",SUMIF(E20:E26,"Cash",D20:D26)) | F27: =IF(COUNTA(C20:C26)=0,"",SUMIF(E20:E26,"Transfer Bank",D20:D26)) | G27: =IF(COUNTA(C20:C26)=0,"",SUMIF(F20:F26,"Ambil Obat",G20:G26)) | H27: =IF(COUNTA(C20:C26)=0,"",SUMIFS(G20:G26,H20:H26,"Cash",F20:F26,"Ambil Obat")) | I27: =IF(COUNTA(C20:C26)=0,"",SUMIFS(G20:G26,H20:H26,"Transfer Bank",F20:F26,"Ambil Obat")) | K27: =IF(COUNTA(C20:C26)=0,"",D27+G27)
A28: 📅 Jumat, 03 April 2026
A29: 1 | B29: 46115 | E29: ▼ | F29: ▼ | H29: ▼ | I29: =IF(C29="","",D29+IF(F29="Ambil Obat",IF(G29="",0,G29),0)) | K29: ▼
A30: 2 | B30: 46115 | E30: ▼ | F30: ▼ | H30: ▼ | I30: =IF(C30="","",D30+IF(F30="Ambil Obat",IF(G30="",0,G30),0)) | K30: ▼
A31: 3 | B31: 46115 | E31: ▼ | F31: ▼ | H31: ▼ | I31: =IF(C31="","",D31+IF(F31="Ambil Obat",IF(G31="",0,G31),0)) | K31: ▼
A32: 4 | B32: 46115 | E32: ▼ | F32: ▼ | H32: ▼ | I32: =IF(C32="","",D32+IF(F32="Ambil Obat",IF(G32="",0,G32),0)) | K32: ▼
A33: 5 | B33: 46115 | E33: ▼ | F33: ▼ | H33: ▼ | I33: =IF(C33="","",D33+IF(F33="Ambil Obat",IF(G33="",0,G33),0)) | K33: ▼
A34: 6 | B34: 46115 | E34: ▼ | F34: ▼ | H34: ▼ | I34: =IF(C34="","",D34+IF(F34="Ambil Obat",IF(G34="",0,G34),0)) | K34: ▼
A35: 7 | B35: 46115 | E35: ▼ | F35: ▼ | H35: ▼ | I35: =IF(C35="","",D35+IF(F35="Ambil Obat",IF(G35="",0,G35),0)) | K35: ▼
A36: =IF(C36="","",38) | B36: 46115 | C36: SITI H | D36: 300000 | E36: Transfer Bank | F36: Ambil Obat | G36: 20000 | H36: Transfer Bank | I36: =IF(C36="","",D36+IF(F36="Ambil Obat",IF(G36="",0,G36),0)) | K36: ▼
A37: =IF(C37="","",39) | B37: 46115 | C37: ZHAFIRA | D37: 250000 | E37: Cash | F37: Ambil Obat | G37: 140000 | H37: Cash | I37: =IF(C37="","",D37+IF(F37="Ambil Obat",IF(G37="",0,G37),0)) | K37: ▼
A38: =IF(C38="","",40) | B38: 46115 | C38: FAIZ A | D38: 300000 | E38: Cash | F38: ▼ | H38: ▼ | I38: =IF(C38="","",D38+IF(F38="Ambil Obat",IF(G38="",0,G38),0)) | K38: ▼
A39: =IF(C39="","",41) | B39: 46115 | C39: PUTRA A | D39: 300000 | E39: Cash | F39: ▼ | H39: ▼ | I39: =IF(C39="","",D39+IF(F39="Ambil Obat",IF(G39="",0,G39),0)) | K39: ▼
A40: =IF(COUNTA(C29:C39)=0,"— belum ada data —","📊 Sub-total "& TEXT(B29,"DD MMM YYYY") &" ("&COUNTA(C29:C39)&" pasien)") | D40: =IF(COUNTA(C29:C39)=0,"",SUM(D29:D39)) | E40: =IF(COUNTA(C29:C39)=0,"",SUMIF(E29:E39,"Cash",D29:D39)) | F40: =IF(COUNTA(C29:C39)=0,"",SUMIF(E29:E39,"Transfer Bank",D29:D39)) | G40: =IF(COUNTA(C29:C39)=0,"",SUMIF(F29:F39,"Ambil Obat",G29:G39)) | H40: =IF(COUNTA(C29:C39)=0,"",SUMIFS(G29:G39,H29:H39,"Cash",F29:F39,"Ambil Obat")) | I40: =IF(COUNTA(C29:C39)=0,"",SUMIFS(G29:G39,H29:H39,"Transfer Bank",F29:F39,"Ambil Obat")) | K40: =IF(COUNTA(C29:C39)=0,"",D40+G40)
A41: 📅 Sabtu, 04 April 2026
A42: 1 | B42: 46116 | E42: ▼ | F42: ▼ | H42: ▼ | I42: =IF(C42="","",D42+IF(F42="Ambil Obat",IF(G42="",0,G42),0)) | K42: ▼
A43: 2 | B43: 46116 | E43: ▼ | F43: ▼ | H43: ▼ | I43: =IF(C43="","",D43+IF(F43="Ambil Obat",IF(G43="",0,G43),0)) | K43: ▼
A44: 3 | B44: 46116 | E44: ▼ | F44: ▼ | H44: ▼ | I44: =IF(C44="","",D44+IF(F44="Ambil Obat",IF(G44="",0,G44),0)) | K44: ▼
A45: 4 | B45: 46116 | E45: ▼ | F45: ▼ | H45: ▼ | I45: =IF(C45="","",D45+IF(F45="Ambil Obat",IF(G45="",0,G45),0)) | K45: ▼
A46: 5 | B46: 46116 | E46: ▼ | F46: ▼ | H46: ▼ | I46: =IF(C46="","",D46+IF(F46="Ambil Obat",IF(G46="",0,G46),0)) | K46: ▼
A47: 6 | B47: 46116 | E47: ▼ | F47: ▼ | H47: ▼ | I47: =IF(C47="","",D47+IF(F47="Ambil Obat",IF(G47="",0,G47),0)) | K47: ▼
A48: =IF(COUNTA(C42:C47)=0,"— belum ada data —","📊 Sub-total "& TEXT(B42,"DD MMM YYYY") &" ("&COUNTA(C42:C47)&" pasien)") | D48: =IF(COUNTA(C42:C47)=0,"",SUM(D42:D47)) | E48: =IF(COUNTA(C42:C47)=0,"",SUMIF(E42:E47,"Cash",D42:D47)) | F48: =IF(COUNTA(C42:C47)=0,"",SUMIF(E42:E47,"Transfer Bank",D42:D47)) | G48: =IF(COUNTA(C42:C47)=0,"",SUMIF(F42:F47,"Ambil Obat",G42:G47)) | H48: =IF(COUNTA(C42:C47)=0,"",SUMIFS(G42:G47,H42:H47,"Cash",F42:F47,"Ambil Obat")) | I48: =IF(COUNTA(C42:C47)=0,"",SUMIFS(G42:G47,H42:H47,"Transfer Bank",F42:F47,"Ambil Obat")) | K48: =IF(COUNTA(C42:C47)=0,"",D48+G48)
A49: 📅 Minggu, 05 April 2026
A50: 1 | B50: 46117 | E50: ▼ | F50: ▼ | H50: ▼ | I50: 0 | K50: ▼
A51: =IF(COUNTA(C50:C50)=0,"— belum ada data —","📊 Sub-total "& TEXT(B50,"DD MMM YYYY") &" ("&COUNTA(C50:C50)&" pasien)") | D51: =IF(COUNTA(C50:C50)=0,"",SUM(D50:D50)) | E51: =IF(COUNTA(C50:C50)=0,"",SUMIF(E50:E50,"Cash",D50:D50)) | F51: =IF(COUNTA(C50:C50)=0,"",SUMIF(E50:E50,"Transfer Bank",D50:D50)) | G51: =IF(COUNTA(C50:C50)=0,"",SUMIF(F50:F50,"Ambil Obat",G50:G50)) | H51: =IF(COUNTA(C50:C50)=0,"",SUMIFS(G50:G50,H50:H50,"Cash",F50:F50,"Ambil Obat")) | I51: =IF(COUNTA(C50:C50)=0,"",SUMIFS(G50:G50,H50:H50,"Transfer Bank",F50:F50,"Ambil Obat")) | K51: =IF(COUNTA(C50:C50)=0,"",D51+G51)
A52: 📅 Senin, 06 April 2026
A53: =IF(C53="","",76) | B53: 46118 | D53: 0 | E53: ▼ | F53: ▼ | G53: 0 | H53: ▼ | I53: 0 | K53: ▼
A54: =IF(COUNTA(C53:C53)=0,"— belum ada data —","📊 Sub-total "& TEXT(B53,"DD MMM YYYY") &" ("&COUNTA(C53:C53)&" pasien)") | D54: =IF(COUNTA(C53:C53)=0,"",SUM(D53:D53)) | E54: =IF(COUNTA(C53:C53)=0,"",SUMIF(E53:E53,"Cash",D53:D53)) | F54: =IF(COUNTA(C53:C53)=0,"",SUMIF(E53:E53,"Transfer Bank",D53:D53)) | G54: =IF(COUNTA(C53:C53)=0,"",SUMIF(F53:F53,"Ambil Obat",G53:G53)) | H54: =IF(COUNTA(C53:C53)=0,"",SUMIFS(G53:G53,H53:H53,"Cash",F53:F53,"Ambil Obat")) | I54: =IF(COUNTA(C53:C53)=0,"",SUMIFS(G53:G53,H53:H53,"Transfer Bank",F53:F53,"Ambil Obat")) | K54: =IF(COUNTA(C53:C53)=0,"",D54+G54)
A55: 📅 Selasa, 07 April 2026
A56: =IF(C56="","",91) | B56: 46119 | D56: 0 | E56: ▼ | F56: ▼ | G56: 0 | H56: ▼ | I56: 0 | K56: ▼
A57: =IF(COUNTA(C56:C56)=0,"— belum ada data —","📊 Sub-total "& TEXT(B56,"DD MMM YYYY") &" ("&COUNTA(C56:C56)&" pasien)") | D57: =IF(COUNTA(C56:C56)=0,"",SUM(D56:D56)) | E57: =IF(COUNTA(C56:C56)=0,"",SUMIF(E56:E56,"Cash",D56:D56)) | F57: =IF(COUNTA(C56:C56)=0,"",SUMIF(E56:E56,"Transfer Bank",D56:D56)) | G57: =IF(COUNTA(C56:C56)=0,"",SUMIF(F56:F56,"Ambil Obat",G56:G56)) | H57: =IF(COUNTA(C56:C56)=0,"",SUMIFS(G56:G56,H56:H56,"Cash",F56:F56,"Ambil Obat")) | I57: =IF(COUNTA(C56:C56)=0,"",SUMIFS(G56:G56,H56:H56,"Transfer Bank",F56:F56,"Ambil Obat")) | K57: =IF(COUNTA(C56:C56)=0,"",D57+G57)
A58: 📅 Rabu, 08 April 2026
A59: =IF(C59="","",106) | B59: 46120 | D59: 0 | E59: ▼ | F59: ▼ | G59: 0 | H59: ▼ | I59: 0 | K59: ▼
A60: =IF(COUNTA(C59:C59)=0,"— belum ada data —","📊 Sub-total "& TEXT(B59,"DD MMM YYYY") &" ("&COUNTA(C59:C59)&" pasien)") | D60: =IF(COUNTA(C59:C59)=0,"",SUM(D59:D59)) | E60: =IF(COUNTA(C59:C59)=0,"",SUMIF(E59:E59,"Cash",D59:D59)) | F60: =IF(COUNTA(C59:C59)=0,"",SUMIF(E59:E59,"Transfer Bank",D59:D59)) | G60: =IF(COUNTA(C59:C59)=0,"",SUMIF(F59:F59,"Ambil Obat",G59:G59)) | H60: =IF(COUNTA(C59:C59)=0,"",SUMIFS(G59:G59,H59:H59,"Cash",F59:F59,"Ambil Obat")) | I60: =IF(COUNTA(C59:C59)=0,"",SUMIFS(G59:G59,H59:H59,"Transfer Bank",F59:F59,"Ambil Obat")) | K60: =IF(COUNTA(C59:C59)=0,"",D60+G60)
A61: 📅 Kamis, 09 April 2026
A62: =IF(C62="","",121) | B62: 46121 | D62: 0 | E62: ▼ | F62: ▼ | G62: 0 | H62: ▼ | I62: 0 | K62: ▼
A63: =IF(COUNTA(C62:C62)=0,"— belum ada data —","📊 Sub-total "& TEXT(B62,"DD MMM YYYY") &" ("&COUNTA(C62:C62)&" pasien)") | D63: =IF(COUNTA(C62:C62)=0,"",SUM(D62:D62)) | E63: =IF(COUNTA(C62:C62)=0,"",SUMIF(E62:E62,"Cash",D62:D62)) | F63: =IF(COUNTA(C62:C62)=0,"",SUMIF(E62:E62,"Transfer Bank",D62:D62)) | G63: =IF(COUNTA(C62:C62)=0,"",SUMIF(F62:F62,"Ambil Obat",G62:G62)) | H63: =IF(COUNTA(C62:C62)=0,"",SUMIFS(G62:G62,H62:H62,"Cash",F62:F62,"Ambil Obat")) | I63: =IF(COUNTA(C62:C62)=0,"",SUMIFS(G62:G62,H62:H62,"Transfer Bank",F62:F62,"Ambil Obat")) | K63: =IF(COUNTA(C62:C62)=0,"",D63+G63)
A64: 📅 Jumat, 10 April 2026
A65: =IF(C65="","",136) | B65: 46122 | D65: 0 | E65: ▼ | F65: ▼ | G65: 0 | H65: ▼ | I65: 0 | K65: ▼
A66: =IF(COUNTA(C65:C65)=0,"— belum ada data —","📊 Sub-total "& TEXT(B65,"DD MMM YYYY") &" ("&COUNTA(C65:C65)&" pasien)") | D66: =IF(COUNTA(C65:C65)=0,"",SUM(D65:D65)) | E66: =IF(COUNTA(C65:C65)=0,"",SUMIF(E65:E65,"Cash",D65:D65)) | F66: =IF(COUNTA(C65:C65)=0,"",SUMIF(E65:E65,"Transfer Bank",D65:D65)) | G66: =IF(COUNTA(C65:C65)=0,"",SUMIF(F65:F65,"Ambil Obat",G65:G65)) | H66: =IF(COUNTA(C65:C65)=0,"",SUMIFS(G65:G65,H65:H65,"Cash",F65:F65,"Ambil Obat")) | I66: =IF(COUNTA(C65:C65)=0,"",SUMIFS(G65:G65,H65:H65,"Transfer Bank",F65:F65,"Ambil Obat")) | K66: =IF(COUNTA(C65:C65)=0,"",D66+G66)
A67: 📅 Sabtu, 11 April 2026
A68: =IF(C68="","",151) | B68: 46123 | D68: 0 | E68: ▼ | F68: ▼ | G68: 0 | H68: ▼ | I68: 0 | K68: ▼
A69: =IF(COUNTA(C68:C68)=0,"— belum ada data —","📊 Sub-total "& TEXT(B68,"DD MMM YYYY") &" ("&COUNTA(C68:C68)&" pasien)") | D69: =IF(COUNTA(C68:C68)=0,"",SUM(D68:D68)) | E69: =IF(COUNTA(C68:C68)=0,"",SUMIF(E68:E68,"Cash",D68:D68)) | F69: =IF(COUNTA(C68:C68)=0,"",SUMIF(E68:E68,"Transfer Bank",D68:D68)) | G69: =IF(COUNTA(C68:C68)=0,"",SUMIF(F68:F68,"Ambil Obat",G68:G68)) | H69: =IF(COUNTA(C68:C68)=0,"",SUMIFS(G68:G68,H68:H68,"Cash",F68:F68,"Ambil Obat")) | I69: =IF(COUNTA(C68:C68)=0,"",SUMIFS(G68:G68,H68:H68,"Transfer Bank",F68:F68,"Ambil Obat")) | K69: =IF(COUNTA(C68:C68)=0,"",D69+G69)
A70: 📅 Minggu, 12 April 2026
A71: =IF(C71="","",166) | B71: 46124 | D71: 0 | E71: ▼ | F71: ▼ | G71: 0 | H71: ▼ | I71: 0 | K71: ▼
A72: =IF(COUNTA(C71:C71)=0,"— belum ada data —","📊 Sub-total "& TEXT(B71,"DD MMM YYYY") &" ("&COUNTA(C71:C71)&" pasien)") | D72: =IF(COUNTA(C71:C71)=0,"",SUM(D71:D71)) | E72: =IF(COUNTA(C71:C71)=0,"",SUMIF(E71:E71,"Cash",D71:D71)) | F72: =IF(COUNTA(C71:C71)=0,"",SUMIF(E71:E71,"Transfer Bank",D71:D71)) | G72: =IF(COUNTA(C71:C71)=0,"",SUMIF(F71:F71,"Ambil Obat",G71:G71)) | H72: =IF(COUNTA(C71:C71)=0,"",SUMIFS(G71:G71,H71:H71,"Cash",F71:F71,"Ambil Obat")) | I72: =IF(COUNTA(C71:C71)=0,"",SUMIFS(G71:G71,H71:H71,"Transfer Bank",F71:F71,"Ambil Obat")) | K72: =IF(COUNTA(C71:C71)=0,"",D72+G72)
A73: 📅 Senin, 13 April 2026
A74: =IF(C74="","",181) | B74: 46125 | D74: 0 | E74: ▼ | F74: ▼ | G74: 0 | H74: ▼ | I74: 0 | K74: ▼
A75: =IF(COUNTA(C74:C74)=0,"— belum ada data —","📊 Sub-total "& TEXT(B74,"DD MMM YYYY") &" ("&COUNTA(C74:C74)&" pasien)") | D75: =IF(COUNTA(C74:C74)=0,"",SUM(D74:D74)) | E75: =IF(COUNTA(C74:C74)=0,"",SUMIF(E74:E74,"Cash",D74:D74)) | F75: =IF(COUNTA(C74:C74)=0,"",SUMIF(E74:E74,"Transfer Bank",D74:D74)) | G75: =IF(COUNTA(C74:C74)=0,"",SUMIF(F74:F74,"Ambil Obat",G74:G74)) | H75: =IF(COUNTA(C74:C74)=0,"",SUMIFS(G74:G74,H74:H74,"Cash",F74:F74,"Ambil Obat")) | I75: =IF(COUNTA(C74:C74)=0,"",SUMIFS(G74:G74,H74:H74,"Transfer Bank",F74:F74,"Ambil Obat")) | K75: =IF(COUNTA(C74:C74)=0,"",D75+G75)
A76: 📅 Selasa, 14 April 2026
A77: =IF(C77="","",196) | B77: 46126 | D77: 0 | E77: ▼ | F77: ▼ | G77: 0 | H77: ▼ | I77: 0 | K77: ▼
A78: =IF(COUNTA(C77:C77)=0,"— belum ada data —","📊 Sub-total "& TEXT(B77,"DD MMM YYYY") &" ("&COUNTA(C77:C77)&" pasien)") | D78: =IF(COUNTA(C77:C77)=0,"",SUM(D77:D77)) | E78: =IF(COUNTA(C77:C77)=0,"",SUMIF(E77:E77,"Cash",D77:D77)) | F78: =IF(COUNTA(C77:C77)=0,"",SUMIF(E77:E77,"Transfer Bank",D77:D77)) | G78: =IF(COUNTA(C77:C77)=0,"",SUMIF(F77:F77,"Ambil Obat",G77:G77)) | H78: =IF(COUNTA(C77:C77)=0,"",SUMIFS(G77:G77,H77:H77,"Cash",F77:F77,"Ambil Obat")) | I78: =IF(COUNTA(C77:C77)=0,"",SUMIFS(G77:G77,H77:H77,"Transfer Bank",F77:F77,"Ambil Obat")) | K78: =IF(COUNTA(C77:C77)=0,"",D78+G78)
A79: 📅 Rabu, 15 April 2026
A80: =IF(C80="","",211) | B80: 46127 | D80: 0 | E80: ▼ | F80: ▼ | G80: 0 | H80: ▼ | I80: 0 | K80: ▼
A81: =IF(COUNTA(C80:C80)=0,"— belum ada data —","📊 Sub-total "& TEXT(B80,"DD MMM YYYY") &" ("&COUNTA(C80:C80)&" pasien)") | D81: =IF(COUNTA(C80:C80)=0,"",SUM(D80:D80)) | E81: =IF(COUNTA(C80:C80)=0,"",SUMIF(E80:E80,"Cash",D80:D80)) | F81: =IF(COUNTA(C80:C80)=0,"",SUMIF(E80:E80,"Transfer Bank",D80:D80)) | G81: =IF(COUNTA(C80:C80)=0,"",SUMIF(F80:F80,"Ambil Obat",G80:G80)) | H81: =IF(COUNTA(C80:C80)=0,"",SUMIFS(G80:G80,H80:H80,"Cash",F80:F80,"Ambil Obat")) | I81: =IF(COUNTA(C80:C80)=0,"",SUMIFS(G80:G80,H80:H80,"Transfer Bank",F80:F80,"Ambil Obat")) | K81: =IF(COUNTA(C80:C80)=0,"",D81+G81)
A82: 📅 Kamis, 16 April 2026
A83: =IF(C83="","",226) | B83: 46128 | D83: 0 | E83: ▼ | F83: ▼ | G83: 0 | H83: ▼ | I83: 0 | K83: ▼
A84: =IF(COUNTA(C83:C83)=0,"— belum ada data —","📊 Sub-total "& TEXT(B83,"DD MMM YYYY") &" ("&COUNTA(C83:C83)&" pasien)") | D84: =IF(COUNTA(C83:C83)=0,"",SUM(D83:D83)) | E84: =IF(COUNTA(C83:C83)=0,"",SUMIF(E83:E83,"Cash",D83:D83)) | F84: =IF(COUNTA(C83:C83)=0,"",SUMIF(E83:E83,"Transfer Bank",D83:D83)) | G84: =IF(COUNTA(C83:C83)=0,"",SUMIF(F83:F83,"Ambil Obat",G83:G83)) | H84: =IF(COUNTA(C83:C83)=0,"",SUMIFS(G83:G83,H83:H83,"Cash",F83:F83,"Ambil Obat")) | I84: =IF(COUNTA(C83:C83)=0,"",SUMIFS(G83:G83,H83:H83,"Transfer Bank",F83:F83,"Ambil Obat")) | K84: =IF(COUNTA(C83:C83)=0,"",D84+G84)
A85: 📅 Jumat, 17 April 2026
A86: 1 | B86: 46129 | E86: ▼ | F86: ▼ | H86: ▼ | I86: 0 | K86: ▼
A87: =IF(COUNTA(C86:C86)=0,"— belum ada data —","📊 Sub-total "& TEXT(B86,"DD MMM YYYY") &" ("&COUNTA(C86:C86)&" pasien)") | D87: =IF(COUNTA(C86:C86)=0,"",SUM(D86:D86)) | E87: =IF(COUNTA(C86:C86)=0,"",SUMIF(E86:E86,"Cash",D86:D86)) | F87: =IF(COUNTA(C86:C86)=0,"",SUMIF(E86:E86,"Transfer Bank",D86:D86)) | G87: =IF(COUNTA(C86:C86)=0,"",SUMIF(F86:F86,"Ambil Obat",G86:G86)) | H87: =IF(COUNTA(C86:C86)=0,"",SUMIFS(G86:G86,H86:H86,"Cash",F86:F86,"Ambil Obat")) | I87: =IF(COUNTA(C86:C86)=0,"",SUMIFS(G86:G86,H86:H86,"Transfer Bank",F86:F86,"Ambil Obat")) | K87: =IF(COUNTA(C86:C86)=0,"",D87+G87)
A88: 📅 Sabtu, 18 April 2026
A89: =IF(C89="","",256) | B89: 46130 | D89: 0 | E89: ▼ | F89: ▼ | G89: 0 | H89: ▼ | I89: 0 | K89: ▼
A90: =IF(COUNTA(C89:C89)=0,"— belum ada data —","📊 Sub-total "& TEXT(B89,"DD MMM YYYY") &" ("&COUNTA(C89:C89)&" pasien)") | D90: =IF(COUNTA(C89:C89)=0,"",SUM(D89:D89)) | E90: =IF(COUNTA(C89:C89)=0,"",SUMIF(E89:E89,"Cash",D89:D89)) | F90: =IF(COUNTA(C89:C89)=0,"",SUMIF(E89:E89,"Transfer Bank",D89:D89)) | G90: =IF(COUNTA(C89:C89)=0,"",SUMIF(F89:F89,"Ambil Obat",G89:G89)) | H90: =IF(COUNTA(C89:C89)=0,"",SUMIFS(G89:G89,H89:H89,"Cash",F89:F89,"Ambil Obat")) | I90: =IF(COUNTA(C89:C89)=0,"",SUMIFS(G89:G89,H89:H89,"Transfer Bank",F89:F89,"Ambil Obat")) | K90: =IF(COUNTA(C89:C89)=0,"",D90+G90)
A91: 📅 Minggu, 19 April 2026
A92: =IF(C92="","",271) | B92: 46131 | D92: 0 | E92: ▼ | F92: 0 | G92: 0 | H92: ▼ | I92: 0 | K92: ▼
A93: =IF(COUNTA(C92:C92)=0,"— belum ada data —","📊 Sub-total "& TEXT(B92,"DD MMM YYYY") &" ("&COUNTA(C92:C92)&" pasien)") | D93: =IF(COUNTA(C92:C92)=0,"",SUM(D92:D92)) | E93: =IF(COUNTA(C92:C92)=0,"",SUMIF(E92:E92,"Cash",D92:D92)) | F93: =IF(COUNTA(C92:C92)=0,"",SUMIF(E92:E92,"Transfer Bank",D92:D92)) | G93: =IF(COUNTA(C92:C92)=0,"",SUMIF(F92:F92,"Ambil Obat",G92:G92)) | H93: =IF(COUNTA(C92:C92)=0,"",SUMIFS(G92:G92,H92:H92,"Cash",F92:F92,"Ambil Obat")) | I93: =IF(COUNTA(C92:C92)=0,"",SUMIFS(G92:G92,H92:H92,"Transfer Bank",F92:F92,"Ambil Obat")) | K93: =IF(COUNTA(C92:C92)=0,"",D93+G93)
A94: 📅 Senin, 20 April 2026
A95: =IF(C95="","",286) | B95: 46132 | D95: 0 | E95: ▼ | F95: ▼ | G95: 0 | H95: ▼ | I95: 0 | K95: ▼
A96: =IF(COUNTA(C95:C95)=0,"— belum ada data —","📊 Sub-total "& TEXT(B95,"DD MMM YYYY") &" ("&COUNTA(C95:C95)&" pasien)") | D96: =IF(COUNTA(C95:C95)=0,"",SUM(D95:D95)) | E96: =IF(COUNTA(C95:C95)=0,"",SUMIF(E95:E95,"Cash",D95:D95)) | F96: =IF(COUNTA(C95:C95)=0,"",SUMIF(E95:E95,"Transfer Bank",D95:D95)) | G96: =IF(COUNTA(C95:C95)=0,"",SUMIF(F95:F95,"Ambil Obat",G95:G95)) | H96: =IF(COUNTA(C95:C95)=0,"",SUMIFS(G95:G95,H95:H95,"Cash",F95:F95,"Ambil Obat")) | I96: =IF(COUNTA(C95:C95)=0,"",SUMIFS(G95:G95,H95:H95,"Transfer Bank",F95:F95,"Ambil Obat")) | K96: =IF(COUNTA(C95:C95)=0,"",D96+G96)
A97: 📅 Selasa, 21 April 2026
A98: =IF(C98="","",301) | B98: 46133 | D98: 0 | E98: ▼ | F98: ▼ | G98: 0 | H98: ▼ | I98: 0 | K98: ▼
A99: =IF(COUNTA(C98:C98)=0,"— belum ada data —","📊 Sub-total "& TEXT(B98,"DD MMM YYYY") &" ("&COUNTA(C98:C98)&" pasien)") | D99: =IF(COUNTA(C98:C98)=0,"",SUM(D98:D98)) | E99: =IF(COUNTA(C98:C98)=0,"",SUMIF(E98:E98,"Cash",D98:D98)) | F99: =IF(COUNTA(C98:C98)=0,"",SUMIF(E98:E98,"Transfer Bank",D98:D98)) | G99: =IF(COUNTA(C98:C98)=0,"",SUMIF(F98:F98,"Ambil Obat",G98:G98)) | H99: =IF(COUNTA(C98:C98)=0,"",SUMIFS(G98:G98,H98:H98,"Cash",F98:F98,"Ambil Obat")) | I99: =IF(COUNTA(C98:C98)=0,"",SUMIFS(G98:G98,H98:H98,"Transfer Bank",F98:F98,"Ambil Obat")) | K99: =IF(COUNTA(C98:C98)=0,"",D99+G99)
A100: 📅 Rabu, 22 April 2026
...

Sheet Input Harian
A1: INPUT HARIAN – FEE DOKTER (OTOMATIS dari Data Pasien)
A2: ⚡ Isi kolom 🟡 KUNING saja: Tanggal (B) & Nama Dokter (C) → kolom lain otomatis terhitung dari Data Pasien
A3: No. | B3: Tanggal | C3: Nama Dokter ▼ | D3: Ps. 100rb | E3: Ps. 150rb | F3: Ps. 200rb | G3: Ps. 250rb | H3: Ps. 300rb | I3: Total Pasien | J3: Total 100rb | K3: Total 150rb | L3: Total 200rb | M3: Total 250rb | N3: Total 300rb | O3: Total Penarikan | P3: Fee Dokter | Q3: Keterangan | R3: Fee Klinik
A4: =IF(C4<>"",1,"") | D4: =IF(OR(B4="",C4=""),"",COUNTIFS('📋 Data Pasien'!$B:$B,B4,'📋 Data Pasien'!$J:$J,C4,'📋 Data Pasien'!$D:$D,100000)) | E4: =IF(OR(B4="",C4=""),"",COUNTIFS('📋 Data Pasien'!$B:$B,B4,'📋 Data Pasien'!$J:$J,C4,'📋 Data Pasien'!$D:$D,150000)) | F4: =IF(OR(B4="",C4=""),"",COUNTIFS('📋 Data Pasien'!$B:$B,B4,'📋 Data Pasien'!$J:$J,C4,'📋 Data Pasien'!$D:$D,200000)) | G4: =IF(OR(B4="",C4=""),"",COUNTIFS('📋 Data Pasien'!$B:$B,B4,'📋 Data Pasien'!$J:$J,C4,'📋 Data Pasien'!$D:$D,250000)) | H4: =IF(OR(B4="",C4=""),"",COUNTIFS('📋 Data Pasien'!$B:$B,B4,'📋 Data Pasien'!$J:$J,C4,'📋 Data Pasien'!$D:$D,300000)) | I4: =IF(C4="","",SUM(D4:H4)) | J4: =IF(C4="","",D4*100000) | K4: =IF(C4="","",E4*150000) | L4: =IF(C4="","",F4*200000) | M4: =IF(C4="","",G4*250000) | N4: =IF(C4="","",H4*300000) | O4: =IF(C4="","",SUM(J4:N4)) | P4: =IF(C4="","",D4*70000+E4*105000+F4*130000+G4*155000+H4*180000) | R4: =IF(C4="","",D4*30000+E4*45000+F4*70000+G4*95000+H4*120000)
A5: =IF(C5<>"",2,"") | D5: =IF(OR(B5="",C5=""),"",COUNTIFS('📋 Data Pasien'!$B:$B,B5,'📋 Data Pasien'!$J:$J,C5,'📋 Data Pasien'!$D:$D,100000)) | E5: =IF(OR(B5="",C5=""),"",COUNTIFS('📋 Data Pasien'!$B:$B,B5,'📋 Data Pasien'!$J:$J,C5,'📋 Data Pasien'!$D:$D,150000)) | F5: =IF(OR(B5="",C5=""),"",COUNTIFS('📋 Data Pasien'!$B:$B,B5,'📋 Data Pasien'!$J:$J,C5,'📋 Data Pasien'!$D:$D,200000)) | G5: =IF(OR(B5="",C5=""),"",COUNTIFS('📋 Data Pasien'!$B:$B,B5,'📋 Data Pasien'!$J:$J,C5,'📋 Data Pasien'!$D:$D,250000)) | H5: =IF(OR(B5="",C5=""),"",COUNTIFS('📋 Data Pasien'!$B:$B,B5,'📋 Data Pasien'!$J:$J,C5,'📋 Data Pasien'!$D:$D,300000)) | I5: =IF(C5="","",SUM(D5:H5)) | J5: =IF(C5="","",D5*100000) | K5: =IF(C5="","",E5*150000) | L5: =IF(C5="","",F5*200000) | M5: =IF(C5="","",G5*250000) | N5: =IF(C5="","",H5*300000) | O5: =IF(C5="","",SUM(J5:N5)) | P5: =IF(C5="","",D5*70000+E5*105000+F5*130000+G5*155000+H5*180000) | R5: =IF(C5="","",D5*30000+E5*45000+F5*70000+G5*95000+H5*120000)
A6: =IF(C6<>"",3,"") | D6: =IF(OR(B6="",C6=""),"",COUNTIFS('📋 Data Pasien'!$B:$B,B6,'📋 Data Pasien'!$J:$J,C6,'📋 Data Pasien'!$D:$D,100000)) | E6: =IF(OR(B6="",C6=""),"",COUNTIFS('📋 Data Pasien'!$B:$B,B6,'📋 Data Pasien'!$J:$J,C6,'📋 Data Pasien'!$D:$D,150000)) | F6: =IF(OR(B6="",C6=""),"",COUNTIFS('📋 Data Pasien'!$B:$B,B6,'📋 Data Pasien'!$J:$J,C6,'📋 Data Pasien'!$D:$D,200000)) | G6: =IF(OR(B6="",C6=""),"",COUNTIFS('📋 Data Pasien'!$B:$B,B6,'📋 Data Pasien'!$J:$J,C6,'📋 Data Pasien'!$D:$D,250000)) | H6: =IF(OR(B6="",C6=""),"",COUNTIFS('📋 Data Pasien'!$B:$B,B6,'📋 Data Pasien'!$J:$J,C6,'📋 Data Pasien'!$D:$D,300000)) | I6: =IF(C6="","",SUM(D6:H6)) | J6: =IF(C6="","",D6*100000) | K6: =IF(C6="","",E6*150000) | L6: =IF(C6="","",F6*200000) | M6: =IF(C6="","",G6*250000) | N6: =IF(C6="","",H6*300000) | O6: =IF(C6="","",SUM(J6:N6)) | P6: =IF(C6="","",D6*70000+E6*105000+F6*130000+G6*155000+H6*180000) | R6: =IF(C6="","",D6*30000+E6*45000+F6*70000+G6*95000+H6*120000)
A7: =IF(C7<>"",4,"") | D7: =IF(OR(B7="",C7=""),"",COUNTIFS('📋 Data Pasien'!$B:$B,B7,'📋 Data Pasien'!$J:$J,C7,'📋 Data Pasien'!$D:$D,100000)) | E7: =IF(OR(B7="",C7=""),"",COUNTIFS('📋 Data Pasien'!$B:$B,B7,'📋 Data Pasien'!$J:$J,C7,'📋 Data Pasien'!$D:$D,150000)) | F7: =IF(OR(B7="",C7=""),"",COUNTIFS('📋 Data Pasien'!$B:$B,B7,'📋 Data Pasien'!$J:$J,C7,'📋 Data Pasien'!$D:$D,200000)) | G7: =IF(OR(B7="",C7=""),"",COUNTIFS('📋 Data Pasien'!$B:$B,B7,'📋 Data Pasien'!$J:$J,C7,'📋 Data Pasien'!$D:$D,250000)) | H7: =IF(OR(B7="",C7=""),"",COUNTIFS('📋 Data Pasien'!$B:$B,B7,'📋 Data Pasien'!$J:$J,C7,'📋 Data Pasien'!$D:$D,300000)) | I7: =IF(C7="","",SUM(D7:H7)) | J7: =IF(C7="","",D7*100000) | K7: =IF(C7="","",E7*150000) | L7: =IF(C7="","",F7*200000) | M7: =IF(C7="","",G7*250000) | N7: =IF(C7="","",H7*300000) | O7: =IF(C7="","",SUM(J7:N7)) | P7: =IF(C7="","",D7*70000+E7*105000+F7*130000+G7*155000+H7*180000) | R7: =IF(C7="","",D7*30000+E7*45000+F7*70000+G7*95000+H7*120000)
A8: =IF(C8<>"",5,"") | D8: =IF(OR(B8="",C8=""),"",COUNTIFS('📋 Data Pasien'!$B:$B,B8,'📋 Data Pasien'!$J:$J,C8,'📋 Data Pasien'!$D:$D,100000)) | E8: =IF(OR(B8="",C8=""),"",COUNTIFS('📋 Data Pasien'!$B:$B,B8,'📋 Data Pasien'!$J:$J,C8,'📋 Data Pasien'!$D:$D,150000)) | F8: =IF(OR(B8="",C8=""),"",COUNTIFS('📋 Data Pasien'!$B:$B,B8,'📋 Data Pasien'!$J:$J,C8,'📋 Data Pasien'!$D:$D,200000)) | G8: =IF(OR(B8="",C8=""),"",COUNTIFS('📋 Data Pasien'!$B:$B,B8,'📋 Data Pasien'!$J:$J,C8,'📋 Data Pasien'!$D:$D,250000)) | H8: =IF(OR(B8="",C8=""),"",COUNTIFS('📋 Data Pasien'!$B:$B,B8,'📋 Data Pasien'!$J:$J,C8,'📋 Data Pasien'!$D:$D,300000)) | I8: =IF(C8="","",SUM(D8:H8)) | J8: =IF(C8="","",D8*100000) | K8: =IF(C8="","",E8*150000) | L8: =IF(C8="","",F8*200000) | M8: =IF(C8="","",G8*250000) | N8: =IF(C8="","",H8*300000) | O8: =IF(C8="","",SUM(J8:N8)) | P8: =IF(C8="","",D8*70000+E8*105000+F8*130000+G8*155000+H8*180000) | R8: =IF(C8="","",D8*30000+E8*45000+F8*70000+G8*95000+H8*120000)
A9: =IF(C9<>"",6,"") | D9: =IF(OR(B9="",C9=""),"",COUNTIFS('📋 Data Pasien'!$B:$B,B9,'📋 Data Pasien'!$J:$J,C9,'📋 Data Pasien'!$D:$D,100000)) | E9: =IF(OR(B9="",C9=""),"",COUNTIFS('📋 Data Pasien'!$B:$B,B9,'📋 Data Pasien'!$J:$J,C9,'📋 Data Pasien'!$D:$D,150000)) | F9: =IF(OR(B9="",C9=""),"",COUNTIFS('📋 Data Pasien'!$B:$B,B9,'📋 Data Pasien'!$J:$J,C9,'📋 Data Pasien'!$D:$D,200000)) | G9: =IF(OR(B9="",C9=""),"",COUNTIFS('📋 Data Pasien'!$B:$B,B9,'📋 Data Pasien'!$J:$J,C9,'📋 Data Pasien'!$D:$D,250000)) | H9: =IF(OR(B9="",C9=""),"",COUNTIFS('📋 Data Pasien'!$B:$B,B9,'📋 Data Pasien'!$J:$J,C9,'📋 Data Pasien'!$D:$D,300000)) | I9: =IF(C9="","",SUM(D9:H9)) | J9: =IF(C9="","",D9*100000) | K9: =IF(C9="","",E9*150000) | L9: =IF(C9="","",F9*200000) | M9: =IF(C9="","",G9*250000) | N9: =IF(C9="","",H9*300000) | O9: =IF(C9="","",SUM(J9:N9)) | P9: =IF(C9="","",D9*70000+E9*105000+F9*130000+G9*155000+H9*180000) | R9: =IF(C9="","",D9*30000+E9*45000+F9*70000+G9*95000+H9*120000)
A10: =IF(C10<>"",7,"") | D10: =IF(OR(B10="",C10=""),"",COUNTIFS('📋 Data Pasien'!$B:$B,B10,'📋 Data Pasien'!$J:$J,C10,'📋 Data Pasien'!$D:$D,100000)) | E10: =IF(OR(B10="",C10=""),"",COUNTIFS('📋 Data Pasien'!$B:$B,B10,'📋 Data Pasien'!$J:$J,C10,'📋 Data Pasien'!$D:$D,150000)) | F10: =IF(OR(B10="",C10=""),"",COUNTIFS('📋 Data Pasien'!$B:$B,B10,'📋 Data Pasien'!$J:$J,C10,'📋 Data Pasien'!$D:$D,200000)) | G10: =IF(OR(B10="",C10=""),"",COUNTIFS('📋 Data Pasien'!$B:$B,B10,'📋 Data Pasien'!$J:$J,C10,'📋 Data Pasien'!$D:$D,250000)) | H10: =IF(OR(B10="",C10=""),"",COUNTIFS('📋 Data Pasien'!$B:$B,B10,'📋 Data Pasien'!$J:$J,C10,'📋 Data Pasien'!$D:$D,300000)) | I10: =IF(C10="","",SUM(D10:H10)) | J10: =IF(C10="","",D10*100000) | K10: =IF(C10="","",E10*150000) | L10: =IF(C10="","",F10*200000) | M10: =IF(C10="","",G10*250000) | N10: =IF(C10="","",H10*300000) | O10: =IF(C10="","",SUM(J10:N10)) | P10: =IF(C10="","",D10*70000+E10*105000+F10*130000+G10*155000+H10*180000) | R10: =IF(C10="","",D10*30000+E10*45000+F10*70000+G10*95000+H10*120000)
A11: =IF(C11<>"",8,"") | D11: =IF(OR(B11="",C11=""),"",COUNTIFS('📋 Data Pasien'!$B:$B,B11,'📋 Data Pasien'!$J:$J,C11,'📋 Data Pasien'!$D:$D,100000)) | E11: =IF(OR(B11="",C11=""),"",COUNTIFS('📋 Data Pasien'!$B:$B,B11,'📋 Data Pasien'!$J:$J,C11,'📋 Data Pasien'!$D:$D,150000)) | F11: =IF(OR(B11="",C11=""),"",COUNTIFS('📋 Data Pasien'!$B:$B,B11,'📋 Data Pasien'!$J:$J,C11,'📋 Data Pasien'!$D:$D,200000)) | G11: =IF(OR(B11="",C11=""),"",COUNTIFS('📋 Data Pasien'!$B:$B,B11,'📋 Data Pasien'!$J:$J,C11,'📋 Data Pasien'!$D:$D,250000)) | H11: =IF(OR(B11="",C11=""),"",COUNTIFS('📋 Data Pasien'!$B:$B,B11,'📋 Data Pasien'!$J:$J,C11,'📋 Data Pasien'!$D:$D,300000)) | I11: =IF(C11="","",SUM(D11:H11)) | J11: =IF(C11="","",D11*100000) | K11: =IF(C11="","",E11*150000) | L11: =IF(C11="","",F11*200000) | M11: =IF(C11="","",G11*250000) | N11: =IF(C11="","",H11*300000) | O11: =IF(C11="","",SUM(J11:N11)) | P11: =IF(C11="","",D11*70000+E11*105000+F11*130000+G11*155000+H11*180000) | R11: =IF(C11="","",D11*30000+E11*45000+F11*70000+G11*95000+H11*120000)
A12: =IF(C12<>"",9,"") | D12: =IF(OR(B12="",C12=""),"",COUNTIFS('📋 Data Pasien'!$B:$B,B12,'📋 Data Pasien'!$J:$J,C12,'📋 Data Pasien'!$D:$D,100000)) | E12: =IF(OR(B12="",C12=""),"",COUNTIFS('📋 Data Pasien'!$B:$B,B12,'📋 Data Pasien'!$J:$J,C12,'📋 Data Pasien'!$D:$D,150000)) | F12: =IF(OR(B12="",C12=""),"",COUNTIFS('📋 Data Pasien'!$B:$B,B12,'📋 Data Pasien'!$J:$J,C12,'📋 Data Pasien'!$D:$D,200000)) | G12: =IF(OR(B12="",C12=""),"",COUNTIFS('📋 Data Pasien'!$B:$B,B12,'📋 Data Pasien'!$J:$J,C12,'📋 Data Pasien'!$D:$D,250000)) | H12: =IF(OR(B12="",C12=""),"",COUNTIFS('📋 Data Pasien'!$B:$B,B12,'📋 Data Pasien'!$J:$J,C12,'📋 Data Pasien'!$D:$D,300000)) | I12: =IF(C12="","",SUM(D12:H12)) | J12: =IF(C12="","",D12*100000) | K12: =IF(C12="","",E12*150000) | L12: =IF(C12="","",F12*200000) | M12: =IF(C12="","",G12*250000) | N12: =IF(C12="","",H12*300000) | O12: =IF(C12="","",SUM(J12:N12)) | P12: =IF(C12="","",D12*70000+E12*105000+F12*130000+G12*155000+H12*180000) | R12: =IF(C12="","",D12*30000+E12*45000+F12*70000+G12*95000+H12*120000)
A13: =IF(C13<>"",10,"") | D13: =IF(OR(B13="",C13=""),"",COUNTIFS('📋 Data Pasien'!$B:$B,B13,'📋 Data Pasien'!$J:$J,C13,'📋 Data Pasien'!$D:$D,100000)) | E13: =IF(OR(B13="",C13=""),"",COUNTIFS('📋 Data Pasien'!$B:$B,B13,'📋 Data Pasien'!$J:$J,C13,'📋 Data Pasien'!$D:$D,150000)) | F13: =IF(OR(B13="",C13=""),"",COUNTIFS('📋 Data Pasien'!$B:$B,B13,'📋 Data Pasien'!$J:$J,C13,'📋 Data Pasien'!$D:$D,200000)) | G13: =IF(OR(B13="",C13=""),"",COUNTIFS('📋 Data Pasien'!$B:$B,B13,'📋 Data Pasien'!$J:$J,C13,'📋 Data Pasien'!$D:$D,250000)) | H13: =IF(OR(B13="",C13=""),"",COUNTIFS('📋 Data Pasien'!$B:$B,B13,'📋 Data Pasien'!$J:$J,C13,'📋 Data Pasien'!$D:$D,300000)) | I13: =IF(C13="","",SUM(D13:H13)) | J13: =IF(C13="","",D13*100000) | K13: =IF(C13="","",E13*150000) | L13: =IF(C13="","",F13*200000) | M13: =IF(C13="","",G13*250000) | N13: =IF(C13="","",H13*300000) | O13: =IF(C13="","",SUM(J13:N13)) | P13: =IF(C13="","",D13*70000+E13*105000+F13*130000+G13*155000+H13*180000) | R13: =IF(C13="","",D13*30000+E13*45000+F13*70000+G13*95000+H13*120000)
A14: =IF(C14<>"",11,"") | D14: =IF(OR(B14="",C14=""),"",COUNTIFS('📋 Data Pasien'!$B:$B,B14,'📋 Data Pasien'!$J:$J,C14,'📋 Data Pasien'!$D:$D,100000)) | E14: =IF(OR(B14="",C14=""),"",COUNTIFS('📋 Data Pasien'!$B:$B,B14,'📋 Data Pasien'!$J:$J,C14,'📋 Data Pasien'!$D:$D,150000)) | F14: =IF(OR(B14="",C14=""),"",COUNTIFS('📋 Data Pasien'!$B:$B,B14,'📋 Data Pasien'!$J:$J,C14,'📋 Data Pasien'!$D:$D,200000)) | G14: =IF(OR(B14="",C14=""),"",COUNTIFS('📋 Data Pasien'!$B:$B,B14,'📋 Data Pasien'!$J:$J,C14,'📋 Data Pasien'!$D:$D,250000)) | H14: =IF(OR(B14="",C14=""),"",COUNTIFS('📋 Data Pasien'!$B:$B,B14,'📋 Data Pasien'!$J:$J,C14,'📋 Data Pasien'!$D:$D,300000)) | I14: =IF(C14="","",SUM(D14:H14)) | J14: =IF(C14="","",D14*100000) | K14: =IF(C14="","",E14*150000) | L14: =IF(C14="","",F14*200000) | M14: =IF(C14="","",G14*250000) | N14: =IF(C14="","",H14*300000) | O14: =IF(C14="","",SUM(J14:N14)) | P14: =IF(C14="","",D14*70000+E14*105000+F14*130000+G14*155000+H14*180000) | R14: =IF(C14="","",D14*30000+E14*45000+F14*70000+G14*95000+H14*120000)
A15: =IF(C15<>"",12,"") | D15: =IF(OR(B15="",C15=""),"",COUNTIFS('📋 Data Pasien'!$B:$B,B15,'📋 Data Pasien'!$J:$J,C15,'📋 Data Pasien'!$D:$D,100000)) | E15: =IF(OR(B15="",C15=""),"",COUNTIFS('📋 Data Pasien'!$B:$B,B15,'📋 Data Pasien'!$J:$J,C15,'📋 Data Pasien'!$D:$D,150000)) | F15: =IF(OR(B15="",C15=""),"",COUNTIFS('📋 Data Pasien'!$B:$B,B15,'📋 Data Pasien'!$J:$J,C15,'📋 Data Pasien'!$D:$D,200000)) | G15: =IF(OR(B15="",C15=""),"",COUNTIFS('📋 Data Pasien'!$B:$B,B15,'📋 Data Pasien'!$J:$J,C15,'📋 Data Pasien'!$D:$D,250000)) | H15: =IF(OR(B15="",C15=""),"",COUNTIFS('📋 Data Pasien'!$B:$B,B15,'📋 Data Pasien'!$J:$J,C15,'📋 Data Pasien'!$D:$D,300000)) | I15: =IF(C15="","",SUM(D15:H15)) | J15: =IF(C15="","",D15*100000) | K15: =IF(C15="","",E15*150000) | L15: =IF(C15="","",F15*200000) | M15: =IF(C15="","",G15*250000) | N15: =IF(C15="","",H15*300000) | O15: =IF(C15="","",SUM(J15:N15)) | P15: =IF(C15="","",D15*70000+E15*105000+F15*130000+G15*155000+H15*180000) | R15: =IF(C15="","",D15*30000+E15*45000+F15*70000+G15*95000+H15*120000)
A16: =IF(C16<>"",13,"") | D16: =IF(OR(B16="",C16=""),"",COUNTIFS('📋 Data Pasien'!$B:$B,B16,'📋 Data Pasien'!$J:$J,C16,'📋 Data Pasien'!$D:$D,100000)) | E16: =IF(OR(B16="",C16=""),"",COUNTIFS('📋 Data Pasien'!$B:$B,B16,'📋 Data Pasien'!$J:$J,C16,'📋 Data Pasien'!$D:$D,150000)) | F16: =IF(OR(B16="",C16=""),"",COUNTIFS('📋 Data Pasien'!$B:$B,B16,'📋 Data Pasien'!$J:$J,C16,'📋 Data Pasien'!$D:$D,200000)) | G16: =IF(OR(B16="",C16=""),"",COUNTIFS('📋 Data Pasien'!$B:$B,B16,'📋 Data Pasien'!$J:$J,C16,'📋 Data Pasien'!$D:$D,250000)) | H16: =IF(OR(B16="",C16=""),"",COUNTIFS('📋 Data Pasien'!$B:$B,B16,'📋 Data Pasien'!$J:$J,C16,'📋 Data Pasien'!$D:$D,300000)) | I16: =IF(C16="","",SUM(D16:H16)) | J16: =IF(C16="","",D16*100000) | K16: =IF(C16="","",E16*150000) | L16: =IF(C16="","",F16*200000) | M16: =IF(C16="","",G16*250000) | N16: =IF(C16="","",H16*300000) | O16: =IF(C16="","",SUM(J16:N16)) | P16: =IF(C16="","",D16*70000+E16*105000+F16*130000+G16*155000+H16*180000) | R16: =IF(C16="","",D16*30000+E16*45000+F16*70000+G16*95000+H16*120000)
A17: =IF(C17<>"",14,"") | D17: =IF(OR(B17="",C17=""),"",COUNTIFS('📋 Data Pasien'!$B:$B,B17,'📋 Data Pasien'!$J:$J,C17,'📋 Data Pasien'!$D:$D,100000)) | E17: =IF(OR(B17="",C17=""),"",COUNTIFS('📋 Data Pasien'!$B:$B,B17,'📋 Data Pasien'!$J:$J,C17,'📋 Data Pasien'!$D:$D,150000)) | F17: =IF(OR(B17="",C17=""),"",COUNTIFS('📋 Data Pasien'!$B:$B,B17,'📋 Data Pasien'!$J:$J,C17,'📋 Data Pasien'!$D:$D,200000)) | G17: =IF(OR(B17="",C17=""),"",COUNTIFS('📋 Data Pasien'!$B:$B,B17,'📋 Data Pasien'!$J:$J,C17,'📋 Data Pasien'!$D:$D,250000)) | H17: =IF(OR(B17="",C17=""),"",COUNTIFS('📋 Data Pasien'!$B:$B,B17,'📋 Data Pasien'!$J:$J,C17,'📋 Data Pasien'!$D:$D,300000)) | I17: =IF(C17="","",SUM(D17:H17)) | J17: =IF(C17="","",D17*100000) | K17: =IF(C17="","",E17*150000) | L17: =IF(C17="","",F17*200000) | M17: =IF(C17="","",G17*250000) | N17: =IF(C17="","",H17*300000) | O17: =IF(C17="","",SUM(J17:N17)) | P17: =IF(C17="","",D17*70000+E17*105000+F17*130000+G17*155000+H17*180000) | R17: =IF(C17="","",D17*30000+E17*45000+F17*70000+G17*95000+H17*120000)
A18: =IF(C18<>"",15,"") | D18: =IF(OR(B18="",C18=""),"",COUNTIFS('📋 Data Pasien'!$B:$B,B18,'📋 Data Pasien'!$J:$J,C18,'📋 Data Pasien'!$D:$D,100000)) | E18: =IF(OR(B18="",C18=""),"",COUNTIFS('📋 Data Pasien'!$B:$B,B18,'📋 Data Pasien'!$J:$J,C18,'📋 Data Pasien'!$D:$D,150000)) | F18: =IF(OR(B18="",C18=""),"",COUNTIFS('📋 Data Pasien'!$B:$B,B18,'📋 Data Pasien'!$J:$J,C18,'📋 Data Pasien'!$D:$D,200000)) | G18: =IF(OR(B18="",C18=""),"",COUNTIFS('📋 Data Pasien'!$B:$B,B18,'📋 Data Pasien'!$J:$J,C18,'📋 Data Pasien'!$D:$D,250000)) | H18: =IF(OR(B18="",C18=""),"",COUNTIFS('📋 Data Pasien'!$B:$B,B18,'📋 Data Pasien'!$J:$J,C18,'📋 Data Pasien'!$D:$D,300000)) | I18: =IF(C18="","",SUM(D18:H18)) | J18: =IF(C18="","",D18*100000) | K18: =IF(C18="","",E18*150000) | L18: =IF(C18="","",F18*200000) | M18: =IF(C18="","",G18*250000) | N18: =IF(C18="","",H18*300000) | O18: =IF(C18="","",SUM(J18:N18)) | P18: =IF(C18="","",D18*70000+E18*105000+F18*130000+G18*155000+H18*180000) | R18: =IF(C18="","",D18*30000+E18*45000+F18*70000+G18*95000+H18*120000)
A19: =IF(C19<>"",16,"") | D19: =IF(OR(B19="",C19=""),"",COUNTIFS('📋 Data Pasien'!$B:$B,B19,'📋 Data Pasien'!$J:$J,C19,'📋 Data Pasien'!$D:$D,100000)) | E19: =IF(OR(B19="",C19=""),"",COUNTIFS('📋 Data Pasien'!$B:$B,B19,'📋 Data Pasien'!$J:$J,C19,'📋 Data Pasien'!$D:$D,150000)) | F19: =IF(OR(B19="",C19=""),"",COUNTIFS('📋 Data Pasien'!$B:$B,B19,'📋 Data Pasien'!$J:$J,C19,'📋 Data Pasien'!$D:$D,200000)) | G19: =IF(OR(B19="",C19=""),"",COUNTIFS('📋 Data Pasien'!$B:$B,B19,'📋 Data Pasien'!$J:$J,C19,'📋 Data Pasien'!$D:$D,250000)) | H19: =IF(OR(B19="",C19=""),"",COUNTIFS('📋 Data Pasien'!$B:$B,B19,'📋 Data Pasien'!$J:$J,C19,'📋 Data Pasien'!$D:$D,300000)) | I19: =IF(C19="","",SUM(D19:H19)) | J19: =IF(C19="","",D19*100000) | K19: =IF(C19="","",E19*150000) | L19: =IF(C19="","",F19*200000) | M19: =IF(C19="","",G19*250000) | N19: =IF(C19="","",H19*300000) | O19: =IF(C19="","",SUM(J19:N19)) | P19: =IF(C19="","",D19*70000+E19*105000+F19*130000+G19*155000+H19*180000) | R19: =IF(C19="","",D19*30000+E19*45000+F19*70000+G19*95000+H19*120000)
A20: =IF(C20<>"",17,"") | D20: =IF(OR(B20="",C20=""),"",COUNTIFS('📋 Data Pasien'!$B:$B,B20,'📋 Data Pasien'!$J:$J,C20,'📋 Data Pasien'!$D:$D,100000)) | E20: =IF(OR(B20="",C20=""),"",COUNTIFS('📋 Data Pasien'!$B:$B,B20,'📋 Data Pasien'!$J:$J,C20,'📋 Data Pasien'!$D:$D,150000)) | F20: =IF(OR(B20="",C20=""),"",COUNTIFS('📋 Data Pasien'!$B:$B,B20,'📋 Data Pasien'!$J:$J,C20,'📋 Data Pasien'!$D:$D,200000)) | G20: =IF(OR(B20="",C20=""),"",COUNTIFS('📋 Data Pasien'!$B:$B,B20,'📋 Data Pasien'!$J:$J,C20,'📋 Data Pasien'!$D:$D,250000)) | H20: =IF(OR(B20="",C20=""),"",COUNTIFS('📋 Data Pasien'!$B:$B,B20,'📋 Data Pasien'!$J:$J,C20,'📋 Data Pasien'!$D:$D,300000)) | I20: =IF(C20="","",SUM(D20:H20)) | J20: =IF(C20="","",D20*100000) | K20: =IF(C20="","",E20*150000) | L20: =IF(C20="","",F20*200000) | M20: =IF(C20="","",G20*250000) | N20: =IF(C20="","",H20*300000) | O20: =IF(C20="","",SUM(J20:N20)) | P20: =IF(C20="","",D20*70000+E20*105000+F20*130000+G20*155000+H20*180000) | R20: =IF(C20="","",D20*30000+E20*45000+F20*70000+G20*95000+H20*120000)
A21: =IF(C21<>"",18,"") | D21: =IF(OR(B21="",C21=""),"",COUNTIFS('📋 Data Pasien'!$B:$B,B21,'📋 Data Pasien'!$J:$J,C21,'📋 Data Pasien'!$D:$D,100000)) | E21: =IF(OR(B21="",C21=""),"",COUNTIFS('📋 Data Pasien'!$B:$B,B21,'📋 Data Pasien'!$J:$J,C21,'📋 Data Pasien'!$D:$D,150000)) | F21: =IF(OR(B21="",C21=""),"",COUNTIFS('📋 Data Pasien'!$B:$B,B21,'📋 Data Pasien'!$J:$J,C21,'📋 Data Pasien'!$D:$D,200000)) | G21: =IF(OR(B21="",C21=""),"",COUNTIFS('📋 Data Pasien'!$B:$B,B21,'📋 Data Pasien'!$J:$J,C21,'📋 Data Pasien'!$D:$D,250000)) | H21: =IF(OR(B21="",C21=""),"",COUNTIFS('📋 Data Pasien'!$B:$B,B21,'📋 Data Pasien'!$J:$J,C21,'📋 Data Pasien'!$D:$D,300000)) | I21: =IF(C21="","",SUM(D21:H21)) | J21: =IF(C21="","",D21*100000) | K21: =IF(C21="","",E21*150000) | L21: =IF(C21="","",F21*200000) | M21: =IF(C21="","",G21*250000) | N21: =IF(C21="","",H21*300000) | O21: =IF(C21="","",SUM(J21:N21)) | P21: =IF(C21="","",D21*70000+E21*105000+F21*130000+G21*155000+H21*180000) | R21: =IF(C21="","",D21*30000+E21*45000+F21*70000+G21*95000+H21*120000)
A22: =IF(C22<>"",19,"") | D22: =IF(OR(B22="",C22=""),"",COUNTIFS('📋 Data Pasien'!$B:$B,B22,'📋 Data Pasien'!$J:$J,C22,'📋 Data Pasien'!$D:$D,100000)) | E22: =IF(OR(B22="",C22=""),"",COUNTIFS('📋 Data Pasien'!$B:$B,B22,'📋 Data Pasien'!$J:$J,C22,'📋 Data Pasien'!$D:$D,150000)) | F22: =IF(OR(B22="",C22=""),"",COUNTIFS('📋 Data Pasien'!$B:$B,B22,'📋 Data Pasien'!$J:$J,C22,'📋 Data Pasien'!$D:$D,200000)) | G22: =IF(OR(B22="",C22=""),"",COUNTIFS('📋 Data Pasien'!$B:$B,B22,'📋 Data Pasien'!$J:$J,C22,'📋 Data Pasien'!$D:$D,250000)) | H22: =IF(OR(B22="",C22=""),"",COUNTIFS('📋 Data Pasien'!$B:$B,B22,'📋 Data Pasien'!$J:$J,C22,'📋 Data Pasien'!$D:$D,300000)) | I22: =IF(C22="","",SUM(D22:H22)) | J22: =IF(C22="","",D22*100000) | K22: =IF(C22="","",E22*150000) | L22: =IF(C22="","",F22*200000) | M22: =IF(C22="","",G22*250000) | N22: =IF(C22="","",H22*300000) | O22: =IF(C22="","",SUM(J22:N22)) | P22: =IF(C22="","",D22*70000+E22*105000+F22*130000+G22*155000+H22*180000) | R22: =IF(C22="","",D22*30000+E22*45000+F22*70000+G22*95000+H22*120000)
A23: =IF(C23<>"",20,"") | D23: =IF(OR(B23="",C23=""),"",COUNTIFS('📋 Data Pasien'!$B:$B,B23,'📋 Data Pasien'!$J:$J,C23,'📋 Data Pasien'!$D:$D,100000)) | E23: =IF(OR(B23="",C23=""),"",COUNTIFS('📋 Data Pasien'!$B:$B,B23,'📋 Data Pasien'!$J:$J,C23,'📋 Data Pasien'!$D:$D,150000)) | F23: =IF(OR(B23="",C23=""),"",COUNTIFS('📋 Data Pasien'!$B:$B,B23,'📋 Data Pasien'!$J:$J,C23,'📋 Data Pasien'!$D:$D,200000)) | G23: =IF(OR(B23="",C23=""),"",COUNTIFS('📋 Data Pasien'!$B:$B,B23,'📋 Data Pasien'!$J:$J,C23,'📋 Data Pasien'!$D:$D,250000)) | H23: =IF(OR(B23="",C23=""),"",COUNTIFS('📋 Data Pasien'!$B:$B,B23,'📋 Data Pasien'!$J:$J,C23,'📋 Data Pasien'!$D:$D,300000)) | I23: =IF(C23="","",SUM(D23:H23)) | J23: =IF(C23="","",D23*100000) | K23: =IF(C23="","",E23*150000) | L23: =IF(C23="","",F23*200000) | M23: =IF(C23="","",G23*250000) | N23: =IF(C23="","",H23*300000) | O23: =IF(C23="","",SUM(J23:N23)) | P23: =IF(C23="","",D23*70000+E23*105000+F23*130000+G23*155000+H23*180000) | R23: =IF(C23="","",D23*30000+E23*45000+F23*70000+G23*95000+H23*120000)
A24: =IF(C24<>"",21,"") | D24: =IF(OR(B24="",C24=""),"",COUNTIFS('📋 Data Pasien'!$B:$B,B24,'📋 Data Pasien'!$J:$J,C24,'📋 Data Pasien'!$D:$D,100000)) | E24: =IF(OR(B24="",C24=""),"",COUNTIFS('📋 Data Pasien'!$B:$B,B24,'📋 Data Pasien'!$J:$J,C24,'📋 Data Pasien'!$D:$D,150000)) | F24: =IF(OR(B24="",C24=""),"",COUNTIFS('📋 Data Pasien'!$B:$B,B24,'📋 Data Pasien'!$J:$J,C24,'📋 Data Pasien'!$D:$D,200000)) | G24: =IF(OR(B24="",C24=""),"",COUNTIFS('📋 Data Pasien'!$B:$B,B24,'📋 Data Pasien'!$J:$J,C24,'📋 Data Pasien'!$D:$D,250000)) | H24: =IF(OR(B24="",C24=""),"",COUNTIFS('📋 Data Pasien'!$B:$B,B24,'📋 Data Pasien'!$J:$J,C24,'📋 Data Pasien'!$D:$D,300000)) | I24: =IF(C24="","",SUM(D24:H24)) | J24: =IF(C24="","",D24*100000) | K24: =IF(C24="","",E24*150000) | L24: =IF(C24="","",F24*200000) | M24: =IF(C24="","",G24*250000) | N24: =IF(C24="","",H24*300000) | O24: =IF(C24="","",SUM(J24:N24)) | P24: =IF(C24="","",D24*70000+E24*105000+F24*130000+G24*155000+H24*180000) | R24: =IF(C24="","",D24*30000+E24*45000+F24*70000+G24*95000+H24*120000)
A25: =IF(C25<>"",22,"") | D25: =IF(OR(B25="",C25=""),"",COUNTIFS('📋 Data Pasien'!$B:$B,B25,'📋 Data Pasien'!$J:$J,C25,'📋 Data Pasien'!$D:$D,100000)) | E25: =IF(OR(B25="",C25=""),"",COUNTIFS('📋 Data Pasien'!$B:$B,B25,'📋 Data Pasien'!$J:$J,C25,'📋 Data Pasien'!$D:$D,150000)) | F25: =IF(OR(B25="",C25=""),"",COUNTIFS('📋 Data Pasien'!$B:$B,B25,'📋 Data Pasien'!$J:$J,C25,'📋 Data Pasien'!$D:$D,200000)) | G25: =IF(OR(B25="",C25=""),"",COUNTIFS('📋 Data Pasien'!$B:$B,B25,'📋 Data Pasien'!$J:$J,C25,'📋 Data Pasien'!$D:$D,250000)) | H25: =IF(OR(B25="",C25=""),"",COUNTIFS('📋 Data Pasien'!$B:$B,B25,'📋 Data Pasien'!$J:$J,C25,'📋 Data Pasien'!$D:$D,300000)) | I25: =IF(C25="","",SUM(D25:H25)) | J25: =IF(C25="","",D25*100000) | K25: =IF(C25="","",E25*150000) | L25: =IF(C25="","",F25*200000) | M25: =IF(C25="","",G25*250000) | N25: =IF(C25="","",H25*300000) | O25: =IF(C25="","",SUM(J25:N25)) | P25: =IF(C25="","",D25*70000+E25*105000+F25*130000+G25*155000+H25*180000) | R25: =IF(C25="","",D25*30000+E25*45000+F25*70000+G25*95000+H25*120000)
A26: =IF(C26<>"",23,"") | D26: =IF(OR(B26="",C26=""),"",COUNTIFS('📋 Data Pasien'!$B:$B,B26,'📋 Data Pasien'!$J:$J,C26,'📋 Data Pasien'!$D:$D,100000)) | E26: =IF(OR(B26="",C26=""),"",COUNTIFS('📋 Data Pasien'!$B:$B,B26,'📋 Data Pasien'!$J:$J,C26,'📋 Data Pasien'!$D:$D,150000)) | F26: =IF(OR(B26="",C26=""),"",COUNTIFS('📋 Data Pasien'!$B:$B,B26,'📋 Data Pasien'!$J:$J,C26,'📋 Data Pasien'!$D:$D,200000)) | G26: =IF(OR(B26="",C26=""),"",COUNTIFS('📋 Data Pasien'!$B:$B,B26,'📋 Data Pasien'!$J:$J,C26,'📋 Data Pasien'!$D:$D,250000)) | H26: =IF(OR(B26="",C26=""),"",COUNTIFS('📋 Data Pasien'!$B:$B,B26,'📋 Data Pasien'!$J:$J,C26,'📋 Data Pasien'!$D:$D,300000)) | I26: =IF(C26="","",SUM(D26:H26)) | J26: =IF(C26="","",D26*100000) | K26: =IF(C26="","",E26*150000) | L26: =IF(C26="","",F26*200000) | M26: =IF(C26="","",G26*250000) | N26: =IF(C26="","",H26*300000) | O26: =IF(C26="","",SUM(J26:N26)) | P26: =IF(C26="","",D26*70000+E26*105000+F26*130000+G26*155000+H26*180000) | R26: =IF(C26="","",D26*30000+E26*45000+F26*70000+G26*95000+H26*120000)
A27: =IF(C27<>"",24,"") | D27: =IF(OR(B27="",C27=""),"",COUNTIFS('📋 Data Pasien'!$B:$B,B27,'📋 Data Pasien'!$J:$J,C27,'📋 Data Pasien'!$D:$D,100000)) | E27: =IF(OR(B27="",C27=""),"",COUNTIFS('📋 Data Pasien'!$B:$B,B27,'📋 Data Pasien'!$J:$J,C27,'📋 Data Pasien'!$D:$D,150000)) | F27: =IF(OR(B27="",C27=""),"",COUNTIFS('📋 Data Pasien'!$B:$B,B27,'📋 Data Pasien'!$J:$J,C27,'📋 Data Pasien'!$D:$D,200000)) | G27: =IF(OR(B27="",C27=""),"",COUNTIFS('📋 Data Pasien'!$B:$B,B27,'📋 Data Pasien'!$J:$J,C27,'📋 Data Pasien'!$D:$D,250000)) | H27: =IF(OR(B27="",C27=""),"",COUNTIFS('📋 Data Pasien'!$B:$B,B27,'📋 Data Pasien'!$J:$J,C27,'📋 Data Pasien'!$D:$D,300000)) | I27: =IF(C27="","",SUM(D27:H27)) | J27: =IF(C27="","",D27*100000) | K27: =IF(C27="","",E27*150000) | L27: =IF(C27="","",F27*200000) | M27: =IF(C27="","",G27*250000) | N27: =IF(C27="","",H27*300000) | O27: =IF(C27="","",SUM(J27:N27)) | P27: =IF(C27="","",D27*70000+E27*105000+F27*130000+G27*155000+H27*180000) | R27: =IF(C27="","",D27*30000+E27*45000+F27*70000+G27*95000+H27*120000)
A28: =IF(C28<>"",25,"") | D28: =IF(OR(B28="",C28=""),"",COUNTIFS('📋 Data Pasien'!$B:$B,B28,'📋 Data Pasien'!$J:$J,C28,'📋 Data Pasien'!$D:$D,100000)) | E28: =IF(OR(B28="",C28=""),"",COUNTIFS('📋 Data Pasien'!$B:$B,B28,'📋 Data Pasien'!$J:$J,C28,'📋 Data Pasien'!$D:$D,150000)) | F28: =IF(OR(B28="",C28=""),"",COUNTIFS('📋 Data Pasien'!$B:$B,B28,'📋 Data Pasien'!$J:$J,C28,'📋 Data Pasien'!$D:$D,200000)) | G28: =IF(OR(B28="",C28=""),"",COUNTIFS('📋 Data Pasien'!$B:$B,B28,'📋 Data Pasien'!$J:$J,C28,'📋 Data Pasien'!$D:$D,250000)) | H28: =IF(OR(B28="",C28=""),"",COUNTIFS('📋 Data Pasien'!$B:$B,B28,'📋 Data Pasien'!$J:$J,C28,'📋 Data Pasien'!$D:$D,300000)) | I28: =IF(C28="","",SUM(D28:H28)) | J28: =IF(C28="","",D28*100000) | K28: =IF(C28="","",E28*150000) | L28: =IF(C28="","",F28*200000) | M28: =IF(C28="","",G28*250000) | N28: =IF(C28="","",H28*300000) | O28: =IF(C28="","",SUM(J28:N28)) | P28: =IF(C28="","",D28*70000+E28*105000+F28*130000+G28*155000+H28*180000) | R28: =IF(C28="","",D28*30000+E28*45000+F28*70000+G28*95000+H28*120000)
A29: =IF(C29<>"",26,"") | D29: =IF(OR(B29="",C29=""),"",COUNTIFS('📋 Data Pasien'!$B:$B,B29,'📋 Data Pasien'!$J:$J,C29,'📋 Data Pasien'!$D:$D,100000)) | E29: =IF(OR(B29="",C29=""),"",COUNTIFS('📋 Data Pasien'!$B:$B,B29,'📋 Data Pasien'!$J:$J,C29,'📋 Data Pasien'!$D:$D,150000)) | F29: =IF(OR(B29="",C29=""),"",COUNTIFS('📋 Data Pasien'!$B:$B,B29,'📋 Data Pasien'!$J:$J,C29,'📋 Data Pasien'!$D:$D,200000)) | G29: =IF(OR(B29="",C29=""),"",COUNTIFS('📋 Data Pasien'!$B:$B,B29,'📋 Data Pasien'!$J:$J,C29,'📋 Data Pasien'!$D:$D,250000)) | H29: =IF(OR(B29="",C29=""),"",COUNTIFS('📋 Data Pasien'!$B:$B,B29,'📋 Data Pasien'!$J:$J,C29,'📋 Data Pasien'!$D:$D,300000)) | I29: =IF(C29="","",SUM(D29:H29)) | J29: =IF(C29="","",D29*100000) | K29: =IF(C29="","",E29*150000) | L29: =IF(C29="","",F29*200000) | M29: =IF(C29="","",G29*250000) | N29: =IF(C29="","",H29*300000) | O29: =IF(C29="","",SUM(J29:N29)) | P29: =IF(C29="","",D29*70000+E29*105000+F29*130000+G29*155000+H29*180000) | R29: =IF(C29="","",D29*30000+E29*45000+F29*70000+G29*95000+H29*120000)
A30: =IF(C30<>"",27,"") | D30: =IF(OR(B30="",C30=""),"",COUNTIFS('📋 Data Pasien'!$B:$B,B30,'📋 Data Pasien'!$J:$J,C30,'📋 Data Pasien'!$D:$D,100000)) | E30: =IF(OR(B30="",C30=""),"",COUNTIFS('📋 Data Pasien'!$B:$B,B30,'📋 Data Pasien'!$J:$J,C30,'📋 Data Pasien'!$D:$D,150000)) | F30: =IF(OR(B30="",C30=""),"",COUNTIFS('📋 Data Pasien'!$B:$B,B30,'📋 Data Pasien'!$J:$J,C30,'📋 Data Pasien'!$D:$D,200000)) | G30: =IF(OR(B30="",C30=""),"",COUNTIFS('📋 Data Pasien'!$B:$B,B30,'📋 Data Pasien'!$J:$J,C30,'📋 Data Pasien'!$D:$D,250000)) | H30: =IF(OR(B30="",C30=""),"",COUNTIFS('📋 Data Pasien'!$B:$B,B30,'📋 Data Pasien'!$J:$J,C30,'📋 Data Pasien'!$D:$D,300000)) | I30: =IF(C30="","",SUM(D30:H30)) | J30: =IF(C30="","",D30*100000) | K30: =IF(C30="","",E30*150000) | L30: =IF(C30="","",F30*200000) | M30: =IF(C30="","",G30*250000) | N30: =IF(C30="","",H30*300000) | O30: =IF(C30="","",SUM(J30:N30)) | P30: =IF(C30="","",D30*70000+E30*105000+F30*130000+G30*155000+H30*180000) | R30: =IF(C30="","",D30*30000+E30*45000+F30*70000+G30*95000+H30*120000)
A31: =IF(C31<>"",28,"") | D31: =IF(OR(B31="",C31=""),"",COUNTIFS('📋 Data Pasien'!$B:$B,B31,'📋 Data Pasien'!$J:$J,C31,'📋 Data Pasien'!$D:$D,100000)) | E31: =IF(OR(B31="",C31=""),"",COUNTIFS('📋 Data Pasien'!$B:$B,B31,'📋 Data Pasien'!$J:$J,C31,'📋 Data Pasien'!$D:$D,150000)) | F31: =IF(OR(B31="",C31=""),"",COUNTIFS('📋 Data Pasien'!$B:$B,B31,'📋 Data Pasien'!$J:$J,C31,'📋 Data Pasien'!$D:$D,200000)) | G31: =IF(OR(B31="",C31=""),"",COUNTIFS('📋 Data Pasien'!$B:$B,B31,'📋 Data Pasien'!$J:$J,C31,'📋 Data Pasien'!$D:$D,250000)) | H31: =IF(OR(B31="",C31=""),"",COUNTIFS('📋 Data Pasien'!$B:$B,B31,'📋 Data Pasien'!$J:$J,C31,'📋 Data Pasien'!$D:$D,300000)) | I31: =IF(C31="","",SUM(D31:H31)) | J31: =IF(C31="","",D31*100000) | K31: =IF(C31="","",E31*150000) | L31: =IF(C31="","",F31*200000) | M31: =IF(C31="","",G31*250000) | N31: =IF(C31="","",H31*300000) | O31: =IF(C31="","",SUM(J31:N31)) | P31: =IF(C31="","",D31*70000+E31*105000+F31*130000+G31*155000+H31*180000) | R31: =IF(C31="","",D31*30000+E31*45000+F31*70000+G31*95000+H31*120000)
A32: =IF(C32<>"",29,"") | D32: =IF(OR(B32="",C32=""),"",COUNTIFS('📋 Data Pasien'!$B:$B,B32,'📋 Data Pasien'!$J:$J,C32,'📋 Data Pasien'!$D:$D,100000)) | E32: =IF(OR(B32="",C32=""),"",COUNTIFS('📋 Data Pasien'!$B:$B,B32,'📋 Data Pasien'!$J:$J,C32,'📋 Data Pasien'!$D:$D,150000)) | F32: =IF(OR(B32="",C32=""),"",COUNTIFS('📋 Data Pasien'!$B:$B,B32,'📋 Data Pasien'!$J:$J,C32,'📋 Data Pasien'!$D:$D,200000)) | G32: =IF(OR(B32="",C32=""),"",COUNTIFS('📋 Data Pasien'!$B:$B,B32,'📋 Data Pasien'!$J:$J,C32,'📋 Data Pasien'!$D:$D,250000)) | H32: =IF(OR(B32="",C32=""),"",COUNTIFS('📋 Data Pasien'!$B:$B,B32,'📋 Data Pasien'!$J:$J,C32,'📋 Data Pasien'!$D:$D,300000)) | I32: =IF(C32="","",SUM(D32:H32)) | J32: =IF(C32="","",D32*100000) | K32: =IF(C32="","",E32*150000) | L32: =IF(C32="","",F32*200000) | M32: =IF(C32="","",G32*250000) | N32: =IF(C32="","",H32*300000) | O32: =IF(C32="","",SUM(J32:N32)) | P32: =IF(C32="","",D32*70000+E32*105000+F32*130000+G32*155000+H32*180000) | R32: =IF(C32="","",D32*30000+E32*45000+F32*70000+G32*95000+H32*120000)
A33: =IF(C33<>"",30,"") | D33: =IF(OR(B33="",C33=""),"",COUNTIFS('📋 Data Pasien'!$B:$B,B33,'📋 Data Pasien'!$J:$J,C33,'📋 Data Pasien'!$D:$D,100000)) | E33: =IF(OR(B33="",C33=""),"",COUNTIFS('📋 Data Pasien'!$B:$B,B33,'📋 Data Pasien'!$J:$J,C33,'📋 Data Pasien'!$D:$D,150000)) | F33: =IF(OR(B33="",C33=""),"",COUNTIFS('📋 Data Pasien'!$B:$B,B33,'📋 Data Pasien'!$J:$J,C33,'📋 Data Pasien'!$D:$D,200000)) | G33: =IF(OR(B33="",C33=""),"",COUNTIFS('📋 Data Pasien'!$B:$B,B33,'📋 Data Pasien'!$J:$J,C33,'📋 Data Pasien'!$D:$D,250000)) | H33: =IF(OR(B33="",C33=""),"",COUNTIFS('📋 Data Pasien'!$B:$B,B33,'📋 Data Pasien'!$J:$J,C33,'📋 Data Pasien'!$D:$D,300000)) | I33: =IF(C33="","",SUM(D33:H33)) | J33: =IF(C33="","",D33*100000) | K33: =IF(C33="","",E33*150000) | L33: =IF(C33="","",F33*200000) | M33: =IF(C33="","",G33*250000) | N33: =IF(C33="","",H33*300000) | O33: =IF(C33="","",SUM(J33:N33)) | P33: =IF(C33="","",D33*70000+E33*105000+F33*130000+G33*155000+H33*180000) | R33: =IF(C33="","",D33*30000+E33*45000+F33*70000+G33*95000+H33*120000)
A34: =IF(C34<>"",31,"") | D34: =IF(OR(B34="",C34=""),"",COUNTIFS('📋 Data Pasien'!$B:$B,B34,'📋 Data Pasien'!$J:$J,C34,'📋 Data Pasien'!$D:$D,100000)) | E34: =IF(OR(B34="",C34=""),"",COUNTIFS('📋 Data Pasien'!$B:$B,B34,'📋 Data Pasien'!$J:$J,C34,'📋 Data Pasien'!$D:$D,150000)) | F34: =IF(OR(B34="",C34=""),"",COUNTIFS('📋 Data Pasien'!$B:$B,B34,'📋 Data Pasien'!$J:$J,C34,'📋 Data Pasien'!$D:$D,200000)) | G34: =IF(OR(B34="",C34=""),"",COUNTIFS('📋 Data Pasien'!$B:$B,B34,'📋 Data Pasien'!$J:$J,C34,'📋 Data Pasien'!$D:$D,250000)) | H34: =IF(OR(B34="",C34=""),"",COUNTIFS('📋 Data Pasien'!$B:$B,B34,'📋 Data Pasien'!$J:$J,C34,'📋 Data Pasien'!$D:$D,300000)) | I34: =IF(C34="","",SUM(D34:H34)) | J34: =IF(C34="","",D34*100000) | K34: =IF(C34="","",E34*150000) | L34: =IF(C34="","",F34*200000) | M34: =IF(C34="","",G34*250000) | N34: =IF(C34="","",H34*300000) | O34: =IF(C34="","",SUM(J34:N34)) | P34: =IF(C34="","",D34*70000+E34*105000+F34*130000+G34*155000+H34*180000) | R34: =IF(C34="","",D34*30000+E34*45000+F34*70000+G34*95000+H34*120000)
A35: =IF(C35<>"",32,"") | D35: =IF(OR(B35="",C35=""),"",COUNTIFS('📋 Data Pasien'!$B:$B,B35,'📋 Data Pasien'!$J:$J,C35,'📋 Data Pasien'!$D:$D,100000)) | E35: =IF(OR(B35="",C35=""),"",COUNTIFS('📋 Data Pasien'!$B:$B,B35,'📋 Data Pasien'!$J:$J,C35,'📋 Data Pasien'!$D:$D,150000)) | F35: =IF(OR(B35="",C35=""),"",COUNTIFS('📋 Data Pasien'!$B:$B,B35,'📋 Data Pasien'!$J:$J,C35,'📋 Data Pasien'!$D:$D,200000)) | G35: =IF(OR(B35="",C35=""),"",COUNTIFS('📋 Data Pasien'!$B:$B,B35,'📋 Data Pasien'!$J:$J,C35,'📋 Data Pasien'!$D:$D,250000)) | H35: =IF(OR(B35="",C35=""),"",COUNTIFS('📋 Data Pasien'!$B:$B,B35,'📋 Data Pasien'!$J:$J,C35,'📋 Data Pasien'!$D:$D,300000)) | I35: =IF(C35="","",SUM(D35:H35)) | J35: =IF(C35="","",D35*100000) | K35: =IF(C35="","",E35*150000) | L35: =IF(C35="","",F35*200000) | M35: =IF(C35="","",G35*250000) | N35: =IF(C35="","",H35*300000) | O35: =IF(C35="","",SUM(J35:N35)) | P35: =IF(C35="","",D35*70000+E35*105000+F35*130000+G35*155000+H35*180000) | R35: =IF(C35="","",D35*30000+E35*45000+F35*70000+G35*95000+H35*120000)
A36: =IF(C36<>"",33,"") | D36: =IF(OR(B36="",C36=""),"",COUNTIFS('📋 Data Pasien'!$B:$B,B36,'📋 Data Pasien'!$J:$J,C36,'📋 Data Pasien'!$D:$D,100000)) | E36: =IF(OR(B36="",C36=""),"",COUNTIFS('📋 Data Pasien'!$B:$B,B36,'📋 Data Pasien'!$J:$J,C36,'📋 Data Pasien'!$D:$D,150000)) | F36: =IF(OR(B36="",C36=""),"",COUNTIFS('📋 Data Pasien'!$B:$B,B36,'📋 Data Pasien'!$J:$J,C36,'📋 Data Pasien'!$D:$D,200000)) | G36: =IF(OR(B36="",C36=""),"",COUNTIFS('📋 Data Pasien'!$B:$B,B36,'📋 Data Pasien'!$J:$J,C36,'📋 Data Pasien'!$D:$D,250000)) | H36: =IF(OR(B36="",C36=""),"",COUNTIFS('📋 Data Pasien'!$B:$B,B36,'📋 Data Pasien'!$J:$J,C36,'📋 Data Pasien'!$D:$D,300000)) | I36: =IF(C36="","",SUM(D36:H36)) | J36: =IF(C36="","",D36*100000) | K36: =IF(C36="","",E36*150000) | L36: =IF(C36="","",F36*200000) | M36: =IF(C36="","",G36*250000) | N36: =IF(C36="","",H36*300000) | O36: =IF(C36="","",SUM(J36:N36)) | P36: =IF(C36="","",D36*70000+E36*105000+F36*130000+G36*155000+H36*180000) | R36: =IF(C36="","",D36*30000+E36*45000+F36*70000+G36*95000+H36*120000)
A37: =IF(C37<>"",34,"") | D37: =IF(OR(B37="",C37=""),"",COUNTIFS('📋 Data Pasien'!$B:$B,B37,'📋 Data Pasien'!$J:$J,C37,'📋 Data Pasien'!$D:$D,100000)) | E37: =IF(OR(B37="",C37=""),"",COUNTIFS('📋 Data Pasien'!$B:$B,B37,'📋 Data Pasien'!$J:$J,C37,'📋 Data Pasien'!$D:$D,150000)) | F37: =IF(OR(B37="",C37=""),"",COUNTIFS('📋 Data Pasien'!$B:$B,B37,'📋 Data Pasien'!$J:$J,C37,'📋 Data Pasien'!$D:$D,200000)) | G37: =IF(OR(B37="",C37=""),"",COUNTIFS('📋 Data Pasien'!$B:$B,B37,'📋 Data Pasien'!$J:$J,C37,'📋 Data Pasien'!$D:$D,250000)) | H37: =IF(OR(B37="",C37=""),"",COUNTIFS('📋 Data Pasien'!$B:$B,B37,'📋 Data Pasien'!$J:$J,C37,'📋 Data Pasien'!$D:$D,300000)) | I37: =IF(C37="","",SUM(D37:H37)) | J37: =IF(C37="","",D37*100000) | K37: =IF(C37="","",E37*150000) | L37: =IF(C37="","",F37*200000) | M37: =IF(C37="","",G37*250000) | N37: =IF(C37="","",H37*300000) | O37: =IF(C37="","",SUM(J37:N37)) | P37: =IF(C37="","",D37*70000+E37*105000+F37*130000+G37*155000+H37*180000) | R37: =IF(C37="","",D37*30000+E37*45000+F37*70000+G37*95000+H37*120000)
A38: =IF(C38<>"",35,"") | D38: =IF(OR(B38="",C38=""),"",COUNTIFS('📋 Data Pasien'!$B:$B,B38,'📋 Data Pasien'!$J:$J,C38,'📋 Data Pasien'!$D:$D,100000)) | E38: =IF(OR(B38="",C38=""),"",COUNTIFS('📋 Data Pasien'!$B:$B,B38,'📋 Data Pasien'!$J:$J,C38,'📋 Data Pasien'!$D:$D,150000)) | F38: =IF(OR(B38="",C38=""),"",COUNTIFS('📋 Data Pasien'!$B:$B,B38,'📋 Data Pasien'!$J:$J,C38,'📋 Data Pasien'!$D:$D,200000)) | G38: =IF(OR(B38="",C38=""),"",COUNTIFS('📋 Data Pasien'!$B:$B,B38,'📋 Data Pasien'!$J:$J,C38,'📋 Data Pasien'!$D:$D,250000)) | H38: =IF(OR(B38="",C38=""),"",COUNTIFS('📋 Data Pasien'!$B:$B,B38,'📋 Data Pasien'!$J:$J,C38,'📋 Data Pasien'!$D:$D,300000)) | I38: =IF(C38="","",SUM(D38:H38)) | J38: =IF(C38="","",D38*100000) | K38: =IF(C38="","",E38*150000) | L38: =IF(C38="","",F38*200000) | M38: =IF(C38="","",G38*250000) | N38: =IF(C38="","",H38*300000) | O38: =IF(C38="","",SUM(J38:N38)) | P38: =IF(C38="","",D38*70000+E38*105000+F38*130000+G38*155000+H38*180000) | R38: =IF(C38="","",D38*30000+E38*45000+F38*70000+G38*95000+H38*120000)
A39: =IF(C39<>"",36,"") | D39: =IF(OR(B39="",C39=""),"",COUNTIFS('📋 Data Pasien'!$B:$B,B39,'📋 Data Pasien'!$J:$J,C39,'📋 Data Pasien'!$D:$D,100000)) | E39: =IF(OR(B39="",C39=""),"",COUNTIFS('📋 Data Pasien'!$B:$B,B39,'📋 Data Pasien'!$J:$J,C39,'📋 Data Pasien'!$D:$D,150000)) | F39: =IF(OR(B39="",C39=""),"",COUNTIFS('📋 Data Pasien'!$B:$B,B39,'📋 Data Pasien'!$J:$J,C39,'📋 Data Pasien'!$D:$D,200000)) | G39: =IF(OR(B39="",C39=""),"",COUNTIFS('📋 Data Pasien'!$B:$B,B39,'📋 Data Pasien'!$J:$J,C39,'📋 Data Pasien'!$D:$D,250000)) | H39: =IF(OR(B39="",C39=""),"",COUNTIFS('📋 Data Pasien'!$B:$B,B39,'📋 Data Pasien'!$J:$J,C39,'📋 Data Pasien'!$D:$D,300000)) | I39: =IF(C39="","",SUM(D39:H39)) | J39: =IF(C39="","",D39*100000) | K39: =IF(C39="","",E39*150000) | L39: =IF(C39="","",F39*200000) | M39: =IF(C39="","",G39*250000) | N39: =IF(C39="","",H39*300000) | O39: =IF(C39="","",SUM(J39:N39)) | P39: =IF(C39="","",D39*70000+E39*105000+F39*130000+G39*155000+H39*180000) | R39: =IF(C39="","",D39*30000+E39*45000+F39*70000+G39*95000+H39*120000)
A40: =IF(C40<>"",37,"") | D40: =IF(OR(B40="",C40=""),"",COUNTIFS('📋 Data Pasien'!$B:$B,B40,'📋 Data Pasien'!$J:$J,C40,'📋 Data Pasien'!$D:$D,100000)) | E40: =IF(OR(B40="",C40=""),"",COUNTIFS('📋 Data Pasien'!$B:$B,B40,'📋 Data Pasien'!$J:$J,C40,'📋 Data Pasien'!$D:$D,150000)) | F40: =IF(OR(B40="",C40=""),"",COUNTIFS('📋 Data Pasien'!$B:$B,B40,'📋 Data Pasien'!$J:$J,C40,'📋 Data Pasien'!$D:$D,200000)) | G40: =IF(OR(B40="",C40=""),"",COUNTIFS('📋 Data Pasien'!$B:$B,B40,'📋 Data Pasien'!$J:$J,C40,'📋 Data Pasien'!$D:$D,250000)) | H40: =IF(OR(B40="",C40=""),"",COUNTIFS('📋 Data Pasien'!$B:$B,B40,'📋 Data Pasien'!$J:$J,C40,'📋 Data Pasien'!$D:$D,300000)) | I40: =IF(C40="","",SUM(D40:H40)) | J40: =IF(C40="","",D40*100000) | K40: =IF(C40="","",E40*150000) | L40: =IF(C40="","",F40*200000) | M40: =IF(C40="","",G40*250000) | N40: =IF(C40="","",H40*300000) | O40: =IF(C40="","",SUM(J40:N40)) | P40: =IF(C40="","",D40*70000+E40*105000+F40*130000+G40*155000+H40*180000) | R40: =IF(C40="","",D40*30000+E40*45000+F40*70000+G40*95000+H40*120000)
A41: =IF(C41<>"",38,"") | D41: =IF(OR(B41="",C41=""),"",COUNTIFS('📋 Data Pasien'!$B:$B,B41,'📋 Data Pasien'!$J:$J,C41,'📋 Data Pasien'!$D:$D,100000)) | E41: =IF(OR(B41="",C41=""),"",COUNTIFS('📋 Data Pasien'!$B:$B,B41,'📋 Data Pasien'!$J:$J,C41,'📋 Data Pasien'!$D:$D,150000)) | F41: =IF(OR(B41="",C41=""),"",COUNTIFS('📋 Data Pasien'!$B:$B,B41,'📋 Data Pasien'!$J:$J,C41,'📋 Data Pasien'!$D:$D,200000)) | G41: =IF(OR(B41="",C41=""),"",COUNTIFS('📋 Data Pasien'!$B:$B,B41,'📋 Data Pasien'!$J:$J,C41,'📋 Data Pasien'!$D:$D,250000)) | H41: =IF(OR(B41="",C41=""),"",COUNTIFS('📋 Data Pasien'!$B:$B,B41,'📋 Data Pasien'!$J:$J,C41,'📋 Data Pasien'!$D:$D,300000)) | I41: =IF(C41="","",SUM(D41:H41)) | J41: =IF(C41="","",D41*100000) | K41: =IF(C41="","",E41*150000) | L41: =IF(C41="","",F41*200000) | M41: =IF(C41="","",G41*250000) | N41: =IF(C41="","",H41*300000) | O41: =IF(C41="","",SUM(J41:N41)) | P41: =IF(C41="","",D41*70000+E41*105000+F41*130000+G41*155000+H41*180000) | R41: =IF(C41="","",D41*30000+E41*45000+F41*70000+G41*95000+H41*120000)
A42: =IF(C42<>"",39,"") | D42: =IF(OR(B42="",C42=""),"",COUNTIFS('📋 Data Pasien'!$B:$B,B42,'📋 Data Pasien'!$J:$J,C42,'📋 Data Pasien'!$D:$D,100000)) | E42: =IF(OR(B42="",C42=""),"",COUNTIFS('📋 Data Pasien'!$B:$B,B42,'📋 Data Pasien'!$J:$J,C42,'📋 Data Pasien'!$D:$D,150000)) | F42: =IF(OR(B42="",C42=""),"",COUNTIFS('📋 Data Pasien'!$B:$B,B42,'📋 Data Pasien'!$J:$J,C42,'📋 Data Pasien'!$D:$D,200000)) | G42: =IF(OR(B42="",C42=""),"",COUNTIFS('📋 Data Pasien'!$B:$B,B42,'📋 Data Pasien'!$J:$J,C42,'📋 Data Pasien'!$D:$D,250000)) | H42: =IF(OR(B42="",C42=""),"",COUNTIFS('📋 Data Pasien'!$B:$B,B42,'📋 Data Pasien'!$J:$J,C42,'📋 Data Pasien'!$D:$D,300000)) | I42: =IF(C42="","",SUM(D42:H42)) | J42: =IF(C42="","",D42*100000) | K42: =IF(C42="","",E42*150000) | L42: =IF(C42="","",F42*200000) | M42: =IF(C42="","",G42*250000) | N42: =IF(C42="","",H42*300000) | O42: =IF(C42="","",SUM(J42:N42)) | P42: =IF(C42="","",D42*70000+E42*105000+F42*130000+G42*155000+H42*180000) | R42: =IF(C42="","",D42*30000+E42*45000+F42*70000+G42*95000+H42*120000)
A43: =IF(C43<>"",40,"") | D43: =IF(OR(B43="",C43=""),"",COUNTIFS('📋 Data Pasien'!$B:$B,B43,'📋 Data Pasien'!$J:$J,C43,'📋 Data Pasien'!$D:$D,100000)) | E43: =IF(OR(B43="",C43=""),"",COUNTIFS('📋 Data Pasien'!$B:$B,B43,'📋 Data Pasien'!$J:$J,C43,'📋 Data Pasien'!$D:$D,150000)) | F43: =IF(OR(B43="",C43=""),"",COUNTIFS('📋 Data Pasien'!$B:$B,B43,'📋 Data Pasien'!$J:$J,C43,'📋 Data Pasien'!$D:$D,200000)) | G43: =IF(OR(B43="",C43=""),"",COUNTIFS('📋 Data Pasien'!$B:$B,B43,'📋 Data Pasien'!$J:$J,C43,'📋 Data Pasien'!$D:$D,250000)) | H43: =IF(OR(B43="",C43=""),"",COUNTIFS('📋 Data Pasien'!$B:$B,B43,'📋 Data Pasien'!$J:$J,C43,'📋 Data Pasien'!$D:$D,300000)) | I43: =IF(C43="","",SUM(D43:H43)) | J43: =IF(C43="","",D43*100000) | K43: =IF(C43="","",E43*150000) | L43: =IF(C43="","",F43*200000) | M43: =IF(C43="","",G43*250000) | N43: =IF(C43="","",H43*300000) | O43: =IF(C43="","",SUM(J43:N43)) | P43: =IF(C43="","",D43*70000+E43*105000+F43*130000+G43*155000+H43*180000) | R43: =IF(C43="","",D43*30000+E43*45000+F43*70000+G43*95000+H43*120000)
A44: =IF(C44<>"",41,"") | D44: =IF(OR(B44="",C44=""),"",COUNTIFS('📋 Data Pasien'!$B:$B,B44,'📋 Data Pasien'!$J:$J,C44,'📋 Data Pasien'!$D:$D,100000)) | E44: =IF(OR(B44="",C44=""),"",COUNTIFS('📋 Data Pasien'!$B:$B,B44,'📋 Data Pasien'!$J:$J,C44,'📋 Data Pasien'!$D:$D,150000)) | F44: =IF(OR(B44="",C44=""),"",COUNTIFS('📋 Data Pasien'!$B:$B,B44,'📋 Data Pasien'!$J:$J,C44,'📋 Data Pasien'!$D:$D,200000)) | G44: =IF(OR(B44="",C44=""),"",COUNTIFS('📋 Data Pasien'!$B:$B,B44,'📋 Data Pasien'!$J:$J,C44,'📋 Data Pasien'!$D:$D,250000)) | H44: =IF(OR(B44="",C44=""),"",COUNTIFS('📋 Data Pasien'!$B:$B,B44,'📋 Data Pasien'!$J:$J,C44,'📋 Data Pasien'!$D:$D,300000)) | I44: =IF(C44="","",SUM(D44:H44)) | J44: =IF(C44="","",D44*100000) | K44: =IF(C44="","",E44*150000) | L44: =IF(C44="","",F44*200000) | M44: =IF(C44="","",G44*250000) | N44: =IF(C44="","",H44*300000) | O44: =IF(C44="","",SUM(J44:N44)) | P44: =IF(C44="","",D44*70000+E44*105000+F44*130000+G44*155000+H44*180000) | R44: =IF(C44="","",D44*30000+E44*45000+F44*70000+G44*95000+H44*120000)
A45: =IF(C45<>"",42,"") | D45: =IF(OR(B45="",C45=""),"",COUNTIFS('📋 Data Pasien'!$B:$B,B45,'📋 Data Pasien'!$J:$J,C45,'📋 Data Pasien'!$D:$D,100000)) | E45: =IF(OR(B45="",C45=""),"",COUNTIFS('📋 Data Pasien'!$B:$B,B45,'📋 Data Pasien'!$J:$J,C45,'📋 Data Pasien'!$D:$D,150000)) | F45: =IF(OR(B45="",C45=""),"",COUNTIFS('📋 Data Pasien'!$B:$B,B45,'📋 Data Pasien'!$J:$J,C45,'📋 Data Pasien'!$D:$D,200000)) | G45: =IF(OR(B45="",C45=""),"",COUNTIFS('📋 Data Pasien'!$B:$B,B45,'📋 Data Pasien'!$J:$J,C45,'📋 Data Pasien'!$D:$D,250000)) | H45: =IF(OR(B45="",C45=""),"",COUNTIFS('📋 Data Pasien'!$B:$B,B45,'📋 Data Pasien'!$J:$J,C45,'📋 Data Pasien'!$D:$D,300000)) | I45: =IF(C45="","",SUM(D45:H45)) | J45: =IF(C45="","",D45*100000) | K45: =IF(C45="","",E45*150000) | L45: =IF(C45="","",F45*200000) | M45: =IF(C45="","",G45*250000) | N45: =IF(C45="","",H45*300000) | O45: =IF(C45="","",SUM(J45:N45)) | P45: =IF(C45="","",D45*70000+E45*105000+F45*130000+G45*155000+H45*180000) | R45: =IF(C45="","",D45*30000+E45*45000+F45*70000+G45*95000+H45*120000)
A46: =IF(C46<>"",43,"") | D46: =IF(OR(B46="",C46=""),"",COUNTIFS('📋 Data Pasien'!$B:$B,B46,'📋 Data Pasien'!$J:$J,C46,'📋 Data Pasien'!$D:$D,100000)) | E46: =IF(OR(B46="",C46=""),"",COUNTIFS('📋 Data Pasien'!$B:$B,B46,'📋 Data Pasien'!$J:$J,C46,'📋 Data Pasien'!$D:$D,150000)) | F46: =IF(OR(B46="",C46=""),"",COUNTIFS('📋 Data Pasien'!$B:$B,B46,'📋 Data Pasien'!$J:$J,C46,'📋 Data Pasien'!$D:$D,200000)) | G46: =IF(OR(B46="",C46=""),"",COUNTIFS('📋 Data Pasien'!$B:$B,B46,'📋 Data Pasien'!$J:$J,C46,'📋 Data Pasien'!$D:$D,250000)) | H46: =IF(OR(B46="",C46=""),"",COUNTIFS('📋 Data Pasien'!$B:$B,B46,'📋 Data Pasien'!$J:$J,C46,'📋 Data Pasien'!$D:$D,300000)) | I46: =IF(C46="","",SUM(D46:H46)) | J46: =IF(C46="","",D46*100000) | K46: =IF(C46="","",E46*150000) | L46: =IF(C46="","",F46*200000) | M46: =IF(C46="","",G46*250000) | N46: =IF(C46="","",H46*300000) | O46: =IF(C46="","",SUM(J46:N46)) | P46: =IF(C46="","",D46*70000+E46*105000+F46*130000+G46*155000+H46*180000) | R46: =IF(C46="","",D46*30000+E46*45000+F46*70000+G46*95000+H46*120000)
A47: =IF(C47<>"",44,"") | D47: =IF(OR(B47="",C47=""),"",COUNTIFS('📋 Data Pasien'!$B:$B,B47,'📋 Data Pasien'!$J:$J,C47,'📋 Data Pasien'!$D:$D,100000)) | E47: =IF(OR(B47="",C47=""),"",COUNTIFS('📋 Data Pasien'!$B:$B,B47,'📋 Data Pasien'!$J:$J,C47,'📋 Data Pasien'!$D:$D,150000)) | F47: =IF(OR(B47="",C47=""),"",COUNTIFS('📋 Data Pasien'!$B:$B,B47,'📋 Data Pasien'!$J:$J,C47,'📋 Data Pasien'!$D:$D,200000)) | G47: =IF(OR(B47="",C47=""),"",COUNTIFS('📋 Data Pasien'!$B:$B,B47,'📋 Data Pasien'!$J:$J,C47,'📋 Data Pasien'!$D:$D,250000)) | H47: =IF(OR(B47="",C47=""),"",COUNTIFS('📋 Data Pasien'!$B:$B,B47,'📋 Data Pasien'!$J:$J,C47,'📋 Data Pasien'!$D:$D,300000)) | I47: =IF(C47="","",SUM(D47:H47)) | J47: =IF(C47="","",D47*100000) | K47: =IF(C47="","",E47*150000) | L47: =IF(C47="","",F47*200000) | M47: =IF(C47="","",G47*250000) | N47: =IF(C47="","",H47*300000) | O47: =IF(C47="","",SUM(J47:N47)) | P47: =IF(C47="","",D47*70000+E47*105000+F47*130000+G47*155000+H47*180000) | R47: =IF(C47="","",D47*30000+E47*45000+F47*70000+G47*95000+H47*120000)
A48: =IF(C48<>"",45,"") | D48: =IF(OR(B48="",C48=""),"",COUNTIFS('📋 Data Pasien'!$B:$B,B48,'📋 Data Pasien'!$J:$J,C48,'📋 Data Pasien'!$D:$D,100000)) | E48: =IF(OR(B48="",C48=""),"",COUNTIFS('📋 Data Pasien'!$B:$B,B48,'📋 Data Pasien'!$J:$J,C48,'📋 Data Pasien'!$D:$D,150000)) | F48: =IF(OR(B48="",C48=""),"",COUNTIFS('📋 Data Pasien'!$B:$B,B48,'📋 Data Pasien'!$J:$J,C48,'📋 Data Pasien'!$D:$D,200000)) | G48: =IF(OR(B48="",C48=""),"",COUNTIFS('📋 Data Pasien'!$B:$B,B48,'📋 Data Pasien'!$J:$J,C48,'📋 Data Pasien'!$D:$D,250000)) | H48: =IF(OR(B48="",C48=""),"",COUNTIFS('📋 Data Pasien'!$B:$B,B48,'📋 Data Pasien'!$J:$J,C48,'📋 Data Pasien'!$D:$D,300000)) | I48: =IF(C48="","",SUM(D48:H48)) | J48: =IF(C48="","",D48*100000) | K48: =IF(C48="","",E48*150000) | L48: =IF(C48="","",F48*200000) | M48: =IF(C48="","",G48*250000) | N48: =IF(C48="","",H48*300000) | O48: =IF(C48="","",SUM(J48:N48)) | P48: =IF(C48="","",D48*70000+E48*105000+F48*130000+G48*155000+H48*180000) | R48: =IF(C48="","",D48*30000+E48*45000+F48*70000+G48*95000+H48*120000)
A49: =IF(C49<>"",46,"") | D49: =IF(OR(B49="",C49=""),"",COUNTIFS('📋 Data Pasien'!$B:$B,B49,'📋 Data Pasien'!$J:$J,C49,'📋 Data Pasien'!$D:$D,100000)) | E49: =IF(OR(B49="",C49=""),"",COUNTIFS('📋 Data Pasien'!$B:$B,B49,'📋 Data Pasien'!$J:$J,C49,'📋 Data Pasien'!$D:$D,150000)) | F49: =IF(OR(B49="",C49=""),"",COUNTIFS('📋 Data Pasien'!$B:$B,B49,'📋 Data Pasien'!$J:$J,C49,'📋 Data Pasien'!$D:$D,200000)) | G49: =IF(OR(B49="",C49=""),"",COUNTIFS('📋 Data Pasien'!$B:$B,B49,'📋 Data Pasien'!$J:$J,C49,'📋 Data Pasien'!$D:$D,250000)) | H49: =IF(OR(B49="",C49=""),"",COUNTIFS('📋 Data Pasien'!$B:$B,B49,'📋 Data Pasien'!$J:$J,C49,'📋 Data Pasien'!$D:$D,300000)) | I49: =IF(C49="","",SUM(D49:H49)) | J49: =IF(C49="","",D49*100000) | K49: =IF(C49="","",E49*150000) | L49: =IF(C49="","",F49*200000) | M49: =IF(C49="","",G49*250000) | N49: =IF(C49="","",H49*300000) | O49: =IF(C49="","",SUM(J49:N49)) | P49: =IF(C49="","",D49*70000+E49*105000+F49*130000+G49*155000+H49*180000) | R49: =IF(C49="","",D49*30000+E49*45000+F49*70000+G49*95000+H49*120000)
A50: =IF(C50<>"",47,"") | D50: =IF(OR(B50="",C50=""),"",COUNTIFS('📋 Data Pasien'!$B:$B,B50,'📋 Data Pasien'!$J:$J,C50,'📋 Data Pasien'!$D:$D,100000)) | E50: =IF(OR(B50="",C50=""),"",COUNTIFS('📋 Data Pasien'!$B:$B,B50,'📋 Data Pasien'!$J:$J,C50,'📋 Data Pasien'!$D:$D,150000)) | F50: =IF(OR(B50="",C50=""),"",COUNTIFS('📋 Data Pasien'!$B:$B,B50,'📋 Data Pasien'!$J:$J,C50,'📋 Data Pasien'!$D:$D,200000)) | G50: =IF(OR(B50="",C50=""),"",COUNTIFS('📋 Data Pasien'!$B:$B,B50,'📋 Data Pasien'!$J:$J,C50,'📋 Data Pasien'!$D:$D,250000)) | H50: =IF(OR(B50="",C50=""),"",COUNTIFS('📋 Data Pasien'!$B:$B,B50,'📋 Data Pasien'!$J:$J,C50,'📋 Data Pasien'!$D:$D,300000)) | I50: =IF(C50="","",SUM(D50:H50)) | J50: =IF(C50="","",D50*100000) | K50: =IF(C50="","",E50*150000) | L50: =IF(C50="","",F50*200000) | M50: =IF(C50="","",G50*250000) | N50: =IF(C50="","",H50*300000) | O50: =IF(C50="","",SUM(J50:N50)) | P50: =IF(C50="","",D50*70000+E50*105000+F50*130000+G50*155000+H50*180000) | R50: =IF(C50="","",D50*30000+E50*45000+F50*70000+G50*95000+H50*120000)
A51: =IF(C51<>"",48,"") | D51: =IF(OR(B51="",C51=""),"",COUNTIFS('📋 Data Pasien'!$B:$B,B51,'📋 Data Pasien'!$J:$J,C51,'📋 Data Pasien'!$D:$D,100000)) | E51: =IF(OR(B51="",C51=""),"",COUNTIFS('📋 Data Pasien'!$B:$B,B51,'📋 Data Pasien'!$J:$J,C51,'📋 Data Pasien'!$D:$D,150000)) | F51: =IF(OR(B51="",C51=""),"",COUNTIFS('📋 Data Pasien'!$B:$B,B51,'📋 Data Pasien'!$J:$J,C51,'📋 Data Pasien'!$D:$D,200000)) | G51: =IF(OR(B51="",C51=""),"",COUNTIFS('📋 Data Pasien'!$B:$B,B51,'📋 Data Pasien'!$J:$J,C51,'📋 Data Pasien'!$D:$D,250000)) | H51: =IF(OR(B51="",C51=""),"",COUNTIFS('📋 Data Pasien'!$B:$B,B51,'📋 Data Pasien'!$J:$J,C51,'📋 Data Pasien'!$D:$D,300000)) | I51: =IF(C51="","",SUM(D51:H51)) | J51: =IF(C51="","",D51*100000) | K51: =IF(C51="","",E51*150000) | L51: =IF(C51="","",F51*200000) | M51: =IF(C51="","",G51*250000) | N51: =IF(C51="","",H51*300000) | O51: =IF(C51="","",SUM(J51:N51)) | P51: =IF(C51="","",D51*70000+E51*105000+F51*130000+G51*155000+H51*180000) | R51: =IF(C51="","",D51*30000+E51*45000+F51*70000+G51*95000+H51*120000)
A52: =IF(C52<>"",49,"") | D52: =IF(OR(B52="",C52=""),"",COUNTIFS('📋 Data Pasien'!$B:$B,B52,'📋 Data Pasien'!$J:$J,C52,'📋 Data Pasien'!$D:$D,100000)) | E52: =IF(OR(B52="",C52=""),"",COUNTIFS('📋 Data Pasien'!$B:$B,B52,'📋 Data Pasien'!$J:$J,C52,'📋 Data Pasien'!$D:$D,150000)) | F52: =IF(OR(B52="",C52=""),"",COUNTIFS('📋 Data Pasien'!$B:$B,B52,'📋 Data Pasien'!$J:$J,C52,'📋 Data Pasien'!$D:$D,200000)) | G52: =IF(OR(B52="",C52=""),"",COUNTIFS('📋 Data Pasien'!$B:$B,B52,'📋 Data Pasien'!$J:$J,C52,'📋 Data Pasien'!$D:$D,250000)) | H52: =IF(OR(B52="",C52=""),"",COUNTIFS('📋 Data Pasien'!$B:$B,B52,'📋 Data Pasien'!$J:$J,C52,'📋 Data Pasien'!$D:$D,300000)) | I52: =IF(C52="","",SUM(D52:H52)) | J52: =IF(C52="","",D52*100000) | K52: =IF(C52="","",E52*150000) | L52: =IF(C52="","",F52*200000) | M52: =IF(C52="","",G52*250000) | N52: =IF(C52="","",H52*300000) | O52: =IF(C52="","",SUM(J52:N52)) | P52: =IF(C52="","",D52*70000+E52*105000+F52*130000+G52*155000+H52*180000) | R52: =IF(C52="","",D52*30000+E52*45000+F52*70000+G52*95000+H52*120000)
A53: =IF(C53<>"",50,"") | D53: =IF(OR(B53="",C53=""),"",COUNTIFS('📋 Data Pasien'!$B:$B,B53,'📋 Data Pasien'!$J:$J,C53,'📋 Data Pasien'!$D:$D,100000)) | E53: =IF(OR(B53="",C53=""),"",COUNTIFS('📋 Data Pasien'!$B:$B,B53,'📋 Data Pasien'!$J:$J,C53,'📋 Data Pasien'!$D:$D,150000)) | F53: =IF(OR(B53="",C53=""),"",COUNTIFS('📋 Data Pasien'!$B:$B,B53,'📋 Data Pasien'!$J:$J,C53,'📋 Data Pasien'!$D:$D,200000)) | G53: =IF(OR(B53="",C53=""),"",COUNTIFS('📋 Data Pasien'!$B:$B,B53,'📋 Data Pasien'!$J:$J,C53,'📋 Data Pasien'!$D:$D,250000)) | H53: =IF(OR(B53="",C53=""),"",COUNTIFS('📋 Data Pasien'!$B:$B,B53,'📋 Data Pasien'!$J:$J,C53,'📋 Data Pasien'!$D:$D,300000)) | I53: =IF(C53="","",SUM(D53:H53)) | J53: =IF(C53="","",D53*100000) | K53: =IF(C53="","",E53*150000) | L53: =IF(C53="","",F53*200000) | M53: =IF(C53="","",G53*250000) | N53: =IF(C53="","",H53*300000) | O53: =IF(C53="","",SUM(J53:N53)) | P53: =IF(C53="","",D53*70000+E53*105000+F53*130000+G53*155000+H53*180000) | R53: =IF(C53="","",D53*30000+E53*45000+F53*70000+G53*95000+H53*120000)
A54: =IF(C54<>"",51,"") | D54: =IF(OR(B54="",C54=""),"",COUNTIFS('📋 Data Pasien'!$B:$B,B54,'📋 Data Pasien'!$J:$J,C54,'📋 Data Pasien'!$D:$D,100000)) | E54: =IF(OR(B54="",C54=""),"",COUNTIFS('📋 Data Pasien'!$B:$B,B54,'📋 Data Pasien'!$J:$J,C54,'📋 Data Pasien'!$D:$D,150000)) | F54: =IF(OR(B54="",C54=""),"",COUNTIFS('📋 Data Pasien'!$B:$B,B54,'📋 Data Pasien'!$J:$J,C54,'📋 Data Pasien'!$D:$D,200000)) | G54: =IF(OR(B54="",C54=""),"",COUNTIFS('📋 Data Pasien'!$B:$B,B54,'📋 Data Pasien'!$J:$J,C54,'📋 Data Pasien'!$D:$D,250000)) | H54: =IF(OR(B54="",C54=""),"",COUNTIFS('📋 Data Pasien'!$B:$B,B54,'📋 Data Pasien'!$J:$J,C54,'📋 Data Pasien'!$D:$D,300000)) | I54: =IF(C54="","",SUM(D54:H54)) | J54: =IF(C54="","",D54*100000) | K54: =IF(C54="","",E54*150000) | L54: =IF(C54="","",F54*200000) | M54: =IF(C54="","",G54*250000) | N54: =IF(C54="","",H54*300000) | O54: =IF(C54="","",SUM(J54:N54)) | P54: =IF(C54="","",D54*70000+E54*105000+F54*130000+G54*155000+H54*180000) | R54: =IF(C54="","",D54*30000+E54*45000+F54*70000+G54*95000+H54*120000)
A55: =IF(C55<>"",52,"") | D55: =IF(OR(B55="",C55=""),"",COUNTIFS('📋 Data Pasien'!$B:$B,B55,'📋 Data Pasien'!$J:$J,C55,'📋 Data Pasien'!$D:$D,100000)) | E55: =IF(OR(B55="",C55=""),"",COUNTIFS('📋 Data Pasien'!$B:$B,B55,'📋 Data Pasien'!$J:$J,C55,'📋 Data Pasien'!$D:$D,150000)) | F55: =IF(OR(B55="",C55=""),"",COUNTIFS('📋 Data Pasien'!$B:$B,B55,'📋 Data Pasien'!$J:$J,C55,'📋 Data Pasien'!$D:$D,200000)) | G55: =IF(OR(B55="",C55=""),"",COUNTIFS('📋 Data Pasien'!$B:$B,B55,'📋 Data Pasien'!$J:$J,C55,'📋 Data Pasien'!$D:$D,250000)) | H55: =IF(OR(B55="",C55=""),"",COUNTIFS('📋 Data Pasien'!$B:$B,B55,'📋 Data Pasien'!$J:$J,C55,'📋 Data Pasien'!$D:$D,300000)) | I55: =IF(C55="","",SUM(D55:H55)) | J55: =IF(C55="","",D55*100000) | K55: =IF(C55="","",E55*150000) | L55: =IF(C55="","",F55*200000) | M55: =IF(C55="","",G55*250000) | N55: =IF(C55="","",H55*300000) | O55: =IF(C55="","",SUM(J55:N55)) | P55: =IF(C55="","",D55*70000+E55*105000+F55*130000+G55*155000+H55*180000) | R55: =IF(C55="","",D55*30000+E55*45000+F55*70000+G55*95000+H55*120000)
A56: =IF(C56<>"",53,"") | D56: =IF(OR(B56="",C56=""),"",COUNTIFS('📋 Data Pasien'!$B:$B,B56,'📋 Data Pasien'!$J:$J,C56,'📋 Data Pasien'!$D:$D,100000)) | E56: =IF(OR(B56="",C56=""),"",COUNTIFS('📋 Data Pasien'!$B:$B,B56,'📋 Data Pasien'!$J:$J,C56,'📋 Data Pasien'!$D:$D,150000)) | F56: =IF(OR(B56="",C56=""),"",COUNTIFS('📋 Data Pasien'!$B:$B,B56,'📋 Data Pasien'!$J:$J,C56,'📋 Data Pasien'!$D:$D,200000)) | G56: =IF(OR(B56="",C56=""),"",COUNTIFS('📋 Data Pasien'!$B:$B,B56,'📋 Data Pasien'!$J:$J,C56,'📋 Data Pasien'!$D:$D,250000)) | H56: =IF(OR(B56="",C56=""),"",COUNTIFS('📋 Data Pasien'!$B:$B,B56,'📋 Data Pasien'!$J:$J,C56,'📋 Data Pasien'!$D:$D,300000)) | I56: =IF(C56="","",SUM(D56:H56)) | J56: =IF(C56="","",D56*100000) | K56: =IF(C56="","",E56*150000) | L56: =IF(C56="","",F56*200000) | M56: =IF(C56="","",G56*250000) | N56: =IF(C56="","",H56*300000) | O56: =IF(C56="","",SUM(J56:N56)) | P56: =IF(C56="","",D56*70000+E56*105000+F56*130000+G56*155000+H56*180000) | R56: =IF(C56="","",D56*30000+E56*45000+F56*70000+G56*95000+H56*120000)
A57: =IF(C57<>"",54,"") | D57: =IF(OR(B57="",C57=""),"",COUNTIFS('📋 Data Pasien'!$B:$B,B57,'📋 Data Pasien'!$J:$J,C57,'📋 Data Pasien'!$D:$D,100000)) | E57: =IF(OR(B57="",C57=""),"",COUNTIFS('📋 Data Pasien'!$B:$B,B57,'📋 Data Pasien'!$J:$J,C57,'📋 Data Pasien'!$D:$D,150000)) | F57: =IF(OR(B57="",C57=""),"",COUNTIFS('📋 Data Pasien'!$B:$B,B57,'📋 Data Pasien'!$J:$J,C57,'📋 Data Pasien'!$D:$D,200000)) | G57: =IF(OR(B57="",C57=""),"",COUNTIFS('📋 Data Pasien'!$B:$B,B57,'📋 Data Pasien'!$J:$J,C57,'📋 Data Pasien'!$D:$D,250000)) | H57: =IF(OR(B57="",C57=""),"",COUNTIFS('📋 Data Pasien'!$B:$B,B57,'📋 Data Pasien'!$J:$J,C57,'📋 Data Pasien'!$D:$D,300000)) | I57: =IF(C57="","",SUM(D57:H57)) | J57: =IF(C57="","",D57*100000) | K57: =IF(C57="","",E57*150000) | L57: =IF(C57="","",F57*200000) | M57: =IF(C57="","",G57*250000) | N57: =IF(C57="","",H57*300000) | O57: =IF(C57="","",SUM(J57:N57)) | P57: =IF(C57="","",D57*70000+E57*105000+F57*130000+G57*155000+H57*180000) | R57: =IF(C57="","",D57*30000+E57*45000+F57*70000+G57*95000+H57*120000)
A58: =IF(C58<>"",55,"") | D58: =IF(OR(B58="",C58=""),"",COUNTIFS('📋 Data Pasien'!$B:$B,B58,'📋 Data Pasien'!$J:$J,C58,'📋 Data Pasien'!$D:$D,100000)) | E58: =IF(OR(B58="",C58=""),"",COUNTIFS('📋 Data Pasien'!$B:$B,B58,'📋 Data Pasien'!$J:$J,C58,'📋 Data Pasien'!$D:$D,150000)) | F58: =IF(OR(B58="",C58=""),"",COUNTIFS('📋 Data Pasien'!$B:$B,B58,'📋 Data Pasien'!$J:$J,C58,'📋 Data Pasien'!$D:$D,200000)) | G58: =IF(OR(B58="",C58=""),"",COUNTIFS('📋 Data Pasien'!$B:$B,B58,'📋 Data Pasien'!$J:$J,C58,'📋 Data Pasien'!$D:$D,250000)) | H58: =IF(OR(B58="",C58=""),"",COUNTIFS('📋 Data Pasien'!$B:$B,B58,'📋 Data Pasien'!$J:$J,C58,'📋 Data Pasien'!$D:$D,300000)) | I58: =IF(C58="","",SUM(D58:H58)) | J58: =IF(C58="","",D58*100000) | K58: =IF(C58="","",E58*150000) | L58: =IF(C58="","",F58*200000) | M58: =IF(C58="","",G58*250000) | N58: =IF(C58="","",H58*300000) | O58: =IF(C58="","",SUM(J58:N58)) | P58: =IF(C58="","",D58*70000+E58*105000+F58*130000+G58*155000+H58*180000) | R58: =IF(C58="","",D58*30000+E58*45000+F58*70000+G58*95000+H58*120000)
A59: =IF(C59<>"",56,"") | D59: =IF(OR(B59="",C59=""),"",COUNTIFS('📋 Data Pasien'!$B:$B,B59,'📋 Data Pasien'!$J:$J,C59,'📋 Data Pasien'!$D:$D,100000)) | E59: =IF(OR(B59="",C59=""),"",COUNTIFS('📋 Data Pasien'!$B:$B,B59,'📋 Data Pasien'!$J:$J,C59,'📋 Data Pasien'!$D:$D,150000)) | F59: =IF(OR(B59="",C59=""),"",COUNTIFS('📋 Data Pasien'!$B:$B,B59,'📋 Data Pasien'!$J:$J,C59,'📋 Data Pasien'!$D:$D,200000)) | G59: =IF(OR(B59="",C59=""),"",COUNTIFS('📋 Data Pasien'!$B:$B,B59,'📋 Data Pasien'!$J:$J,C59,'📋 Data Pasien'!$D:$D,250000)) | H59: =IF(OR(B59="",C59=""),"",COUNTIFS('📋 Data Pasien'!$B:$B,B59,'📋 Data Pasien'!$J:$J,C59,'📋 Data Pasien'!$D:$D,300000)) | I59: =IF(C59="","",SUM(D59:H59)) | J59: =IF(C59="","",D59*100000) | K59: =IF(C59="","",E59*150000) | L59: =IF(C59="","",F59*200000) | M59: =IF(C59="","",G59*250000) | N59: =IF(C59="","",H59*300000) | O59: =IF(C59="","",SUM(J59:N59)) | P59: =IF(C59="","",D59*70000+E59*105000+F59*130000+G59*155000+H59*180000) | R59: =IF(C59="","",D59*30000+E59*45000+F59*70000+G59*95000+H59*120000)
A60: =IF(C60<>"",57,"") | D60: =IF(OR(B60="",C60=""),"",COUNTIFS('📋 Data Pasien'!$B:$B,B60,'📋 Data Pasien'!$J:$J,C60,'📋 Data Pasien'!$D:$D,100000)) | E60: =IF(OR(B60="",C60=""),"",COUNTIFS('📋 Data Pasien'!$B:$B,B60,'📋 Data Pasien'!$J:$J,C60,'📋 Data Pasien'!$D:$D,150000)) | F60: =IF(OR(B60="",C60=""),"",COUNTIFS('📋 Data Pasien'!$B:$B,B60,'📋 Data Pasien'!$J:$J,C60,'📋 Data Pasien'!$D:$D,200000)) | G60: =IF(OR(B60="",C60=""),"",COUNTIFS('📋 Data Pasien'!$B:$B,B60,'📋 Data Pasien'!$J:$J,C60,'📋 Data Pasien'!$D:$D,250000)) | H60: =IF(OR(B60="",C60=""),"",COUNTIFS('📋 Data Pasien'!$B:$B,B60,'📋 Data Pasien'!$J:$J,C60,'📋 Data Pasien'!$D:$D,300000)) | I60: =IF(C60="","",SUM(D60:H60)) | J60: =IF(C60="","",D60*100000) | K60: =IF(C60="","",E60*150000) | L60: =IF(C60="","",F60*200000) | M60: =IF(C60="","",G60*250000) | N60: =IF(C60="","",H60*300000) | O60: =IF(C60="","",SUM(J60:N60)) | P60: =IF(C60="","",D60*70000+E60*105000+F60*130000+G60*155000+H60*180000) | R60: =IF(C60="","",D60*30000+E60*45000+F60*70000+G60*95000+H60*120000)
A61: =IF(C61<>"",58,"") | D61: =IF(OR(B61="",C61=""),"",COUNTIFS('📋 Data Pasien'!$B:$B,B61,'📋 Data Pasien'!$J:$J,C61,'📋 Data Pasien'!$D:$D,100000)) | E61: =IF(OR(B61="",C61=""),"",COUNTIFS('📋 Data Pasien'!$B:$B,B61,'📋 Data Pasien'!$J:$J,C61,'📋 Data Pasien'!$D:$D,150000)) | F61: =IF(OR(B61="",C61=""),"",COUNTIFS('📋 Data Pasien'!$B:$B,B61,'📋 Data Pasien'!$J:$J,C61,'📋 Data Pasien'!$D:$D,200000)) | G61: =IF(OR(B61="",C61=""),"",COUNTIFS('📋 Data Pasien'!$B:$B,B61,'📋 Data Pasien'!$J:$J,C61,'📋 Data Pasien'!$D:$D,250000)) | H61: =IF(OR(B61="",C61=""),"",COUNTIFS('📋 Data Pasien'!$B:$B,B61,'📋 Data Pasien'!$J:$J,C61,'📋 Data Pasien'!$D:$D,300000)) | I61: =IF(C61="","",SUM(D61:H61)) | J61: =IF(C61="","",D61*100000) | K61: =IF(C61="","",E61*150000) | L61: =IF(C61="","",F61*200000) | M61: =IF(C61="","",G61*250000) | N61: =IF(C61="","",H61*300000) | O61: =IF(C61="","",SUM(J61:N61)) | P61: =IF(C61="","",D61*70000+E61*105000+F61*130000+G61*155000+H61*180000) | R61: =IF(C61="","",D61*30000+E61*45000+F61*70000+G61*95000+H61*120000)
A62: =IF(C62<>"",59,"") | D62: =IF(OR(B62="",C62=""),"",COUNTIFS('📋 Data Pasien'!$B:$B,B62,'📋 Data Pasien'!$J:$J,C62,'📋 Data Pasien'!$D:$D,100000)) | E62: =IF(OR(B62="",C62=""),"",COUNTIFS('📋 Data Pasien'!$B:$B,B62,'📋 Data Pasien'!$J:$J,C62,'📋 Data Pasien'!$D:$D,150000)) | F62: =IF(OR(B62="",C62=""),"",COUNTIFS('📋 Data Pasien'!$B:$B,B62,'📋 Data Pasien'!$J:$J,C62,'📋 Data Pasien'!$D:$D,200000)) | G62: =IF(OR(B62="",C62=""),"",COUNTIFS('📋 Data Pasien'!$B:$B,B62,'📋 Data Pasien'!$J:$J,C62,'📋 Data Pasien'!$D:$D,250000)) | H62: =IF(OR(B62="",C62=""),"",COUNTIFS('📋 Data Pasien'!$B:$B,B62,'📋 Data Pasien'!$J:$J,C62,'📋 Data Pasien'!$D:$D,300000)) | I62: =IF(C62="","",SUM(D62:H62)) | J62: =IF(C62="","",D62*100000) | K62: =IF(C62="","",E62*150000) | L62: =IF(C62="","",F62*200000) | M62: =IF(C62="","",G62*250000) | N62: =IF(C62="","",H62*300000) | O62: =IF(C62="","",SUM(J62:N62)) | P62: =IF(C62="","",D62*70000+E62*105000+F62*130000+G62*155000+H62*180000) | R62: =IF(C62="","",D62*30000+E62*45000+F62*70000+G62*95000+H62*120000)
A63: =IF(C63<>"",60,"") | D63: =IF(OR(B63="",C63=""),"",COUNTIFS('📋 Data Pasien'!$B:$B,B63,'📋 Data Pasien'!$J:$J,C63,'📋 Data Pasien'!$D:$D,100000)) | E63: =IF(OR(B63="",C63=""),"",COUNTIFS('📋 Data Pasien'!$B:$B,B63,'📋 Data Pasien'!$J:$J,C63,'📋 Data Pasien'!$D:$D,150000)) | F63: =IF(OR(B63="",C63=""),"",COUNTIFS('📋 Data Pasien'!$B:$B,B63,'📋 Data Pasien'!$J:$J,C63,'📋 Data Pasien'!$D:$D,200000)) | G63: =IF(OR(B63="",C63=""),"",COUNTIFS('📋 Data Pasien'!$B:$B,B63,'📋 Data Pasien'!$J:$J,C63,'📋 Data Pasien'!$D:$D,250000)) | H63: =IF(OR(B63="",C63=""),"",COUNTIFS('📋 Data Pasien'!$B:$B,B63,'📋 Data Pasien'!$J:$J,C63,'📋 Data Pasien'!$D:$D,300000)) | I63: =IF(C63="","",SUM(D63:H63)) | J63: =IF(C63="","",D63*100000) | K63: =IF(C63="","",E63*150000) | L63: =IF(C63="","",F63*200000) | M63: =IF(C63="","",G63*250000) | N63: =IF(C63="","",H63*300000) | O63: =IF(C63="","",SUM(J63:N63)) | P63: =IF(C63="","",D63*70000+E63*105000+F63*130000+G63*155000+H63*180000) | R63: =IF(C63="","",D63*30000+E63*45000+F63*70000+G63*95000+H63*120000)
A64: =IF(C64<>"",61,"") | D64: =IF(OR(B64="",C64=""),"",COUNTIFS('📋 Data Pasien'!$B:$B,B64,'📋 Data Pasien'!$J:$J,C64,'📋 Data Pasien'!$D:$D,100000)) | E64: =IF(OR(B64="",C64=""),"",COUNTIFS('📋 Data Pasien'!$B:$B,B64,'📋 Data Pasien'!$J:$J,C64,'📋 Data Pasien'!$D:$D,150000)) | F64: =IF(OR(B64="",C64=""),"",COUNTIFS('📋 Data Pasien'!$B:$B,B64,'📋 Data Pasien'!$J:$J,C64,'📋 Data Pasien'!$D:$D,200000)) | G64: =IF(OR(B64="",C64=""),"",COUNTIFS('📋 Data Pasien'!$B:$B,B64,'📋 Data Pasien'!$J:$J,C64,'📋 Data Pasien'!$D:$D,250000)) | H64: =IF(OR(B64="",C64=""),"",COUNTIFS('📋 Data Pasien'!$B:$B,B64,'📋 Data Pasien'!$J:$J,C64,'📋 Data Pasien'!$D:$D,300000)) | I64: =IF(C64="","",SUM(D64:H64)) | J64: =IF(C64="","",D64*100000) | K64: =IF(C64="","",E64*150000) | L64: =IF(C64="","",F64*200000) | M64: =IF(C64="","",G64*250000) | N64: =IF(C64="","",H64*300000) | O64: =IF(C64="","",SUM(J64:N64)) | P64: =IF(C64="","",D64*70000+E64*105000+F64*130000+G64*155000+H64*180000) | R64: =IF(C64="","",D64*30000+E64*45000+F64*70000+G64*95000+H64*120000)
A65: =IF(C65<>"",62,"") | D65: =IF(OR(B65="",C65=""),"",COUNTIFS('📋 Data Pasien'!$B:$B,B65,'📋 Data Pasien'!$J:$J,C65,'📋 Data Pasien'!$D:$D,100000)) | E65: =IF(OR(B65="",C65=""),"",COUNTIFS('📋 Data Pasien'!$B:$B,B65,'📋 Data Pasien'!$J:$J,C65,'📋 Data Pasien'!$D:$D,150000)) | F65: =IF(OR(B65="",C65=""),"",COUNTIFS('📋 Data Pasien'!$B:$B,B65,'📋 Data Pasien'!$J:$J,C65,'📋 Data Pasien'!$D:$D,200000)) | G65: =IF(OR(B65="",C65=""),"",COUNTIFS('📋 Data Pasien'!$B:$B,B65,'📋 Data Pasien'!$J:$J,C65,'📋 Data Pasien'!$D:$D,250000)) | H65: =IF(OR(B65="",C65=""),"",COUNTIFS('📋 Data Pasien'!$B:$B,B65,'📋 Data Pasien'!$J:$J,C65,'📋 Data Pasien'!$D:$D,300000)) | I65: =IF(C65="","",SUM(D65:H65)) | J65: =IF(C65="","",D65*100000) | K65: =IF(C65="","",E65*150000) | L65: =IF(C65="","",F65*200000) | M65: =IF(C65="","",G65*250000) | N65: =IF(C65="","",H65*300000) | O65: =IF(C65="","",SUM(J65:N65)) | P65: =IF(C65="","",D65*70000+E65*105000+F65*130000+G65*155000+H65*180000) | R65: =IF(C65="","",D65*30000+E65*45000+F65*70000+G65*95000+H65*120000)
A66: =IF(C66<>"",63,"") | D66: =IF(OR(B66="",C66=""),"",COUNTIFS('📋 Data Pasien'!$B:$B,B66,'📋 Data Pasien'!$J:$J,C66,'📋 Data Pasien'!$D:$D,100000)) | E66: =IF(OR(B66="",C66=""),"",COUNTIFS('📋 Data Pasien'!$B:$B,B66,'📋 Data Pasien'!$J:$J,C66,'📋 Data Pasien'!$D:$D,150000)) | F66: =IF(OR(B66="",C66=""),"",COUNTIFS('📋 Data Pasien'!$B:$B,B66,'📋 Data Pasien'!$J:$J,C66,'📋 Data Pasien'!$D:$D,200000)) | G66: =IF(OR(B66="",C66=""),"",COUNTIFS('📋 Data Pasien'!$B:$B,B66,'📋 Data Pasien'!$J:$J,C66,'📋 Data Pasien'!$D:$D,250000)) | H66: =IF(OR(B66="",C66=""),"",COUNTIFS('📋 Data Pasien'!$B:$B,B66,'📋 Data Pasien'!$J:$J,C66,'📋 Data Pasien'!$D:$D,300000)) | I66: =IF(C66="","",SUM(D66:H66)) | J66: =IF(C66="","",D66*100000) | K66: =IF(C66="","",E66*150000) | L66: =IF(C66="","",F66*200000) | M66: =IF(C66="","",G66*250000) | N66: =IF(C66="","",H66*300000) | O66: =IF(C66="","",SUM(J66:N66)) | P66: =IF(C66="","",D66*70000+E66*105000+F66*130000+G66*155000+H66*180000) | R66: =IF(C66="","",D66*30000+E66*45000+F66*70000+G66*95000+H66*120000)
A67: TOTAL | D67: =IF(OR(B67="",C67=""),"",COUNTIFS('📋 Data Pasien'!$B:$B,B67,'📋 Data Pasien'!$J:$J,C67,'📋 Data Pasien'!$D:$D,100000)) | E67: =IF(OR(B67="",C67=""),"",COUNTIFS('📋 Data Pasien'!$B:$B,B67,'📋 Data Pasien'!$J:$J,C67,'📋 Data Pasien'!$D:$D,150000)) | F67: =IF(OR(B67="",C67=""),"",COUNTIFS('📋 Data Pasien'!$B:$B,B67,'📋 Data Pasien'!$J:$J,C67,'📋 Data Pasien'!$D:$D,200000)) | G67: =IF(OR(B67="",C67=""),"",COUNTIFS('📋 Data Pasien'!$B:$B,B67,'📋 Data Pasien'!$J:$J,C67,'📋 Data Pasien'!$D:$D,250000)) | H67: =IF(OR(B67="",C67=""),"",COUNTIFS('📋 Data Pasien'!$B:$B,B67,'📋 Data Pasien'!$J:$J,C67,'📋 Data Pasien'!$D:$D,300000)) | I67: =SUM(I4:I66) | J67: =SUM(J4:J66) | K67: =SUM(K4:K66) | L67: =SUM(L4:L66) | M67: =SUM(M4:M66) | N67: =SUM(N4:N66) | O67: =SUM(O4:O66) | P67: =SUM(P4:P66) | R67: =SUM(R4:R66)

Sheet Rekap Per Dokter
A1: REKAP FEE PER DOKTER — OTOMATIS dari Input Harian & Pembayaran Dokter
A2: 🔄 Tambah baris di Input Harian → rekap ini update otomatis | Status bayar dari Pembayaran Dokter
A3: Nama Dokter | B3: Total Hari Praktek | C3: Pasien 100rb | D3: Pasien 150rb | E3: Pasien 200rb | F3: Pasien 250rb | G3: Pasien 300rb | H3: Total Pasien | I3: Fee Dokter (Rp) | J3: Fee Klinik (Rp) | K3: Status Pembayaran | L3: Sudah Dibayar (Rp) | M3: Sisa Belum Dibayar (Rp) | N3: KETERANGAN
A4: dr. ARIF | B4: =COUNTIF('Input Harian'!$C:$C,"dr. ARIF") | C4: =SUMIF('Input Harian'!$C:$C,"dr. ARIF",'Input Harian'!$D:$D) | D4: =SUMIF('Input Harian'!$C:$C,"dr. ARIF",'Input Harian'!$E:$E) | E4: =SUMIF('Input Harian'!$C:$C,"dr. ARIF",'Input Harian'!$F:$F) | F4: =SUMIF('Input Harian'!$C:$C,"dr. ARIF",'Input Harian'!$G:$G) | G4: =SUMIF('Input Harian'!$C:$C,"dr. ARIF",'Input Harian'!$H:$H) | H4: =SUM(C4:G4) | I4: =SUMIF('Input Harian'!$C:$C,"dr. ARIF",'Input Harian'!$P:$P) | J4: =SUMIF('Input Harian'!$C:$C,"dr. ARIF",'Input Harian'!$R:$R) | K4: ='💰 Pembayaran Dokter'!E6 | L4: ='💰 Pembayaran Dokter'!C6 | M4: =I4-L4 | N4: guarantee fee 200rb
A5: dr. HAWA | B5: =COUNTIF('Input Harian'!$C:$C,"dr. HAWA") | C5: =SUMIF('Input Harian'!$C:$C,"dr. HAWA",'Input Harian'!$D:$D) | D5: =SUMIF('Input Harian'!$C:$C,"dr. HAWA",'Input Harian'!$E:$E) | E5: =SUMIF('Input Harian'!$C:$C,"dr. HAWA",'Input Harian'!$F:$F) | F5: =SUMIF('Input Harian'!$C:$C,"dr. HAWA",'Input Harian'!$G:$G) | G5: =SUMIF('Input Harian'!$C:$C,"dr. HAWA",'Input Harian'!$H:$H) | H5: =SUM(C5:G5) | I5: =SUMIF('Input Harian'!$C:$C,"dr. HAWA",'Input Harian'!$P:$P) | J5: =SUMIF('Input Harian'!$C:$C,"dr. HAWA",'Input Harian'!$R:$R) | K5: ='💰 Pembayaran Dokter'!E7 | L5: ='💰 Pembayaran Dokter'!C7 | M5: =I5-L5
A6: dr. JOJO | B6: =COUNTIF('Input Harian'!$C:$C,"dr. JOJO") | C6: =SUMIF('Input Harian'!$C:$C,"dr. JOJO",'Input Harian'!$D:$D) | D6: =SUMIF('Input Harian'!$C:$C,"dr. JOJO",'Input Harian'!$E:$E) | E6: =SUMIF('Input Harian'!$C:$C,"dr. JOJO",'Input Harian'!$F:$F) | F6: =SUMIF('Input Harian'!$C:$C,"dr. JOJO",'Input Harian'!$G:$G) | G6: =SUMIF('Input Harian'!$C:$C,"dr. JOJO",'Input Harian'!$H:$H) | H6: =SUM(C6:G6) | I6: =SUMIF('Input Harian'!$C:$C,"dr. JOJO",'Input Harian'!$P:$P) | J6: =SUMIF('Input Harian'!$C:$C,"dr. JOJO",'Input Harian'!$R:$R) | K6: ='💰 Pembayaran Dokter'!E8 | L6: 3550000 | M6: =I6-L6
A7: GRAND TOTAL | B7: =SUM(B4:B6) | C7: =SUM(C4:C6) | D7: =SUM(D4:D6) | E7: =SUM(E4:E6) | F7: =SUM(F4:F6) | G7: =SUM(G4:G6) | H7: =SUM(H4:H6) | I7: =SUM(I4:I6) | J7: =SUM(J4:J6) | K7: =IF(M7=0,"✅ SEMUA LUNAS","⏳ Ada yang Belum") | L7: =SUM(L4:L6) | M7: =SUM(M4:M6)

Sheet 💳 Detail Per Dokter
A1: 💳 LAPORAN DETAIL PENARIKAN & FEE PER DOKTER
A2: Konsultasi Rp150.000: Dokter 70% / Klinik 30% | Tindakan Tambahan: Dokter 50% / Klinik 50% | Dicetak: 12 May 2026
A3: 👨‍⚕️ dr. ARIF
A4: No | B4: Tanggal | C4: Ps. 100rb | D4: Ps. 150rb | E4: Ps. 200rb | F4: Ps. 250rb | G4: Ps. 300rb | H4: Total Pasien | I4: Total Penarikan | J4: Fee Dokter (KONSULTASI 70%+TINDAKAN 50%) | K4: Fee Klinik (30%+50%) | L4: Keterangan
A5: 1 | B5: 46141 | C5: =IFERROR(COUNTIFS('📋 Data Pasien'!$B:$B,B5,'📋 Data Pasien'!$J:$J,"dr. ARIF",'📋 Data Pasien'!$D:$D,100000),0) | D5: =IFERROR(COUNTIFS('📋 Data Pasien'!$B:$B,B5,'📋 Data Pasien'!$J:$J,"dr. ARIF",'📋 Data Pasien'!$D:$D,150000),0) | E5: =IFERROR(COUNTIFS('📋 Data Pasien'!$B:$B,B5,'📋 Data Pasien'!$J:$J,"dr. ARIF",'📋 Data Pasien'!$D:$D,200000),0) | F5: =IFERROR(COUNTIFS('📋 Data Pasien'!$B:$B,B5,'📋 Data Pasien'!$J:$J,"dr. ARIF",'📋 Data Pasien'!$D:$D,250000),0) | G5: =IFERROR(COUNTIFS('📋 Data Pasien'!$B:$B,B5,'📋 Data Pasien'!$J:$J,"dr. ARIF",'📋 Data Pasien'!$D:$D,300000),0) | H5: =SUM(C5:G5) | I5: =C5*100000+D5*150000+E5*200000+F5*250000+G5*300000 | J5: =C5*70000+D5*105000+E5*130000+F5*155000+G5*180000 | K5: =C5*30000+D5*45000+E5*70000+F5*95000+G5*120000
A6: 2 | B6: 46142 | C6: =IFERROR(COUNTIFS('📋 Data Pasien'!$B:$B,B6,'📋 Data Pasien'!$J:$J,"dr. ARIF",'📋 Data Pasien'!$D:$D,100000),0) | D6: =IFERROR(COUNTIFS('📋 Data Pasien'!$B:$B,B6,'📋 Data Pasien'!$J:$J,"dr. ARIF",'📋 Data Pasien'!$D:$D,150000),0) | E6: =IFERROR(COUNTIFS('📋 Data Pasien'!$B:$B,B6,'📋 Data Pasien'!$J:$J,"dr. ARIF",'📋 Data Pasien'!$D:$D,200000),0) | F6: =IFERROR(COUNTIFS('📋 Data Pasien'!$B:$B,B6,'📋 Data Pasien'!$J:$J,"dr. ARIF",'📋 Data Pasien'!$D:$D,250000),0) | G6: =IFERROR(COUNTIFS('📋 Data Pasien'!$B:$B,B6,'📋 Data Pasien'!$J:$J,"dr. ARIF",'📋 Data Pasien'!$D:$D,300000),0) | H6: =SUM(C6:G6) | I6: =C6*100000+D6*150000+E6*200000+F6*250000+G6*300000 | J6: 200000 | K6: 0 | L6: guarantee fee 200rb
A7: 3 | B7: 46146 | C7: =IFERROR(COUNTIFS('📋 Data Pasien'!$B:$B,B7,'📋 Data Pasien'!$J:$J,"dr. ARIF",'📋 Data Pasien'!$D:$D,100000),0) | D7: =IFERROR(COUNTIFS('📋 Data Pasien'!$B:$B,B7,'📋 Data Pasien'!$J:$J,"dr. ARIF",'📋 Data Pasien'!$D:$D,150000),0) | E7: =IFERROR(COUNTIFS('📋 Data Pasien'!$B:$B,B7,'📋 Data Pasien'!$J:$J,"dr. ARIF",'📋 Data Pasien'!$D:$D,200000),0) | F7: =IFERROR(COUNTIFS('📋 Data Pasien'!$B:$B,B7,'📋 Data Pasien'!$J:$J,"dr. ARIF",'📋 Data Pasien'!$D:$D,250000),0) | G7: =IFERROR(COUNTIFS('📋 Data Pasien'!$B:$B,B7,'📋 Data Pasien'!$J:$J,"dr. ARIF",'📋 Data Pasien'!$D:$D,300000),0) | H7: =SUM(C7:G7) | I7: =C7*100000+D7*150000+E7*200000+F7*250000+G7*300000 | J7: =C7*70000+D7*105000+E7*130000+F7*155000+G7*180000 | K7: =C7*30000+D7*45000+E7*70000+F7*95000+G7*120000
A8: 4 | B8: 46148 | C8: =IFERROR(COUNTIFS('📋 Data Pasien'!$B:$B,B8,'📋 Data Pasien'!$J:$J,"dr. ARIF",'📋 Data Pasien'!$D:$D,100000),0) | D8: =IFERROR(COUNTIFS('📋 Data Pasien'!$B:$B,B8,'📋 Data Pasien'!$J:$J,"dr. ARIF",'📋 Data Pasien'!$D:$D,150000),0) | E8: =IFERROR(COUNTIFS('📋 Data Pasien'!$B:$B,B8,'📋 Data Pasien'!$J:$J,"dr. ARIF",'📋 Data Pasien'!$D:$D,200000),0) | F8: =IFERROR(COUNTIFS('📋 Data Pasien'!$B:$B,B8,'📋 Data Pasien'!$J:$J,"dr. ARIF",'📋 Data Pasien'!$D:$D,250000),0) | G8: =IFERROR(COUNTIFS('📋 Data Pasien'!$B:$B,B8,'📋 Data Pasien'!$J:$J,"dr. ARIF",'📋 Data Pasien'!$D:$D,300000),0) | H8: =SUM(C8:G8) | I8: =C8*100000+D8*150000+E8*200000+F8*250000+G8*300000 | J8: =C8*70000+D8*105000+E8*130000+F8*155000+G8*180000 | K8: =C8*30000+D8*45000+E8*70000+F8*95000+G8*120000
A9: 5 | B9: 46149 | C9: =IFERROR(COUNTIFS('📋 Data Pasien'!$B:$B,B9,'📋 Data Pasien'!$J:$J,"dr. ARIF",'📋 Data Pasien'!$D:$D,100000),0) | D9: =IFERROR(COUNTIFS('📋 Data Pasien'!$B:$B,B9,'📋 Data Pasien'!$J:$J,"dr. ARIF",'📋 Data Pasien'!$D:$D,150000),0) | E9: =IFERROR(COUNTIFS('📋 Data Pasien'!$B:$B,B9,'📋 Data Pasien'!$J:$J,"dr. ARIF",'📋 Data Pasien'!$D:$D,200000),0) | F9: =IFERROR(COUNTIFS('📋 Data Pasien'!$B:$B,B9,'📋 Data Pasien'!$J:$J,"dr. ARIF",'📋 Data Pasien'!$D:$D,250000),0) | G9: =IFERROR(COUNTIFS('📋 Data Pasien'!$B:$B,B9,'📋 Data Pasien'!$J:$J,"dr. ARIF",'📋 Data Pasien'!$D:$D,300000),0) | H9: =SUM(C9:G9) | I9: =C9*100000+D9*150000+E9*200000+F9*250000+G9*300000 | J9: =C9*70000+D9*105000+E9*130000+F9*155000+G9*180000 | K9: =C9*30000+D9*45000+E9*70000+F9*95000+G9*120000
A10: 6 | B10: 46155 | C10: =IFERROR(COUNTIFS('📋 Data Pasien'!$B:$B,B10,'📋 Data Pasien'!$J:$J,"dr. ARIF",'📋 Data Pasien'!$D:$D,100000),0) | D10: =IFERROR(COUNTIFS('📋 Data Pasien'!$B:$B,B10,'📋 Data Pasien'!$J:$J,"dr. ARIF",'📋 Data Pasien'!$D:$D,150000),0) | E10: =IFERROR(COUNTIFS('📋 Data Pasien'!$B:$B,B10,'📋 Data Pasien'!$J:$J,"dr. ARIF",'📋 Data Pasien'!$D:$D,200000),0) | F10: =IFERROR(COUNTIFS('📋 Data Pasien'!$B:$B,B10,'📋 Data Pasien'!$J:$J,"dr. ARIF",'📋 Data Pasien'!$D:$D,250000),0) | G10: =IFERROR(COUNTIFS('📋 Data Pasien'!$B:$B,B10,'📋 Data Pasien'!$J:$J,"dr. ARIF",'📋 Data Pasien'!$D:$D,300000),0) | H10: =SUM(C10:G10) | I10: =C10*100000+D10*150000+E10*200000+F10*250000+G10*300000 | J10: =C10*70000+D10*105000+E10*130000+F10*155000+G10*180000 | K10: =C10*30000+D10*45000+E10*70000+F10*95000+G10*120000
A11: 7 | B11: 46156 | C11: 1 | D11: 3 | E11: 3 | F11: 0 | G11: 0 | H11: =SUM(C11:G11) | I11: =C11*100000+D11*150000+E11*200000+F11*250000+G11*300000 | J11: =C11*70000+D11*105000+E11*130000+F11*155000+G11*180000 | K11: =C11*30000+D11*45000+E11*70000+F11*95000+G11*120000
A13: SUBTOTAL dr. ARIF | C13: =SUM(C5:C12) | D13: =SUM(D5:D12) | E13: =SUM(E5:E12) | F13: =SUM(F5:F12) | G13: =SUM(G5:G12) | H13: =SUM(H5:H12) | I13: =SUM(I5:I12) | J13: =SUM(J5:J12) | K13: =SUM(K5:K12)
A15: 👨‍⚕️ dr. HAWA
A16: No | B16: Tanggal | C16: Ps. 100rb | D16: Ps. 150rb | E16: Ps. 200rb | F16: Ps. 250rb | G16: Ps. 300rb | H16: Total Pasien | I16: Total Penarikan | J16: Fee Dokter (KONSULTASI 70%+TINDAKAN 50%) | K16: Fee Klinik (30%+50%) | L16: Keterangan
A17: 1 | B17: 46140 | C17: =IFERROR(COUNTIFS('📋 Data Pasien'!$B:$B,B16,'📋 Data Pasien'!$J:$J,"dr. HAWA",'📋 Data Pasien'!$D:$D,100000),0) | D17: =IFERROR(COUNTIFS('📋 Data Pasien'!$B:$B,B16,'📋 Data Pasien'!$J:$J,"dr. HAWA",'📋 Data Pasien'!$D:$D,150000),0) | E17: =IFERROR(COUNTIFS('📋 Data Pasien'!$B:$B,B16,'📋 Data Pasien'!$J:$J,"dr. HAWA",'📋 Data Pasien'!$D:$D,200000),0) | F17: =IFERROR(COUNTIFS('📋 Data Pasien'!$B:$B,B16,'📋 Data Pasien'!$J:$J,"dr. HAWA",'📋 Data Pasien'!$D:$D,250000),0) | G17: =IFERROR(COUNTIFS('📋 Data Pasien'!$B:$B,B16,'📋 Data Pasien'!$J:$J,"dr. HAWA",'📋 Data Pasien'!$D:$D,300000),0) | H17: =SUM(C16:G16) | I17: =C17*100000+D17*150000+E17*200000+F17*250000+G17*300000 | J17: =C17*70000+D17*105000+E17*130000+F17*155000+G17*180000 | K17: =C17*30000+D17*45000+E17*70000+F17*95000+G17*120000
A18: 2 | B18: 46144 | C18: =IFERROR(COUNTIFS('📋 Data Pasien'!$B:$B,B17,'📋 Data Pasien'!$J:$J,"dr. HAWA",'📋 Data Pasien'!$D:$D,100000),0) | D18: =IFERROR(COUNTIFS('📋 Data Pasien'!$B:$B,B17,'📋 Data Pasien'!$J:$J,"dr. HAWA",'📋 Data Pasien'!$D:$D,150000),0) | E18: =IFERROR(COUNTIFS('📋 Data Pasien'!$B:$B,B17,'📋 Data Pasien'!$J:$J,"dr. HAWA",'📋 Data Pasien'!$D:$D,200000),0) | F18: =IFERROR(COUNTIFS('📋 Data Pasien'!$B:$B,B17,'📋 Data Pasien'!$J:$J,"dr. HAWA",'📋 Data Pasien'!$D:$D,250000),0) | G18: =IFERROR(COUNTIFS('📋 Data Pasien'!$B:$B,B17,'📋 Data Pasien'!$J:$J,"dr. HAWA",'📋 Data Pasien'!$D:$D,300000),0) | H18: =SUM(C17:G17) | I18: =C18*100000+D18*150000+E18*200000+F18*250000+G18*300000 | J18: =C18*70000+D18*105000+E18*130000+F18*155000+G18*180000 | K18: =C18*30000+D18*45000+E18*70000+F18*95000+G18*120000
A19: 3 | B19: 46145 | C19: =IFERROR(COUNTIFS('📋 Data Pasien'!$B:$B,B18,'📋 Data Pasien'!$J:$J,"dr. HAWA",'📋 Data Pasien'!$D:$D,100000),0) | D19: =IFERROR(COUNTIFS('📋 Data Pasien'!$B:$B,B18,'📋 Data Pasien'!$J:$J,"dr. HAWA",'📋 Data Pasien'!$D:$D,150000),0) | E19: =IFERROR(COUNTIFS('📋 Data Pasien'!$B:$B,B18,'📋 Data Pasien'!$J:$J,"dr. HAWA",'📋 Data Pasien'!$D:$D,200000),0) | F19: =IFERROR(COUNTIFS('📋 Data Pasien'!$B:$B,B18,'📋 Data Pasien'!$J:$J,"dr. HAWA",'📋 Data Pasien'!$D:$D,250000),0) | G19: =IFERROR(COUNTIFS('📋 Data Pasien'!$B:$B,B18,'📋 Data Pasien'!$J:$J,"dr. HAWA",'📋 Data Pasien'!$D:$D,300000),0) | H19: =SUM(C18:G18) | I19: =C19*100000+D19*150000+E19*200000+F19*250000+G19*300000 | J19: =C19*70000+D19*105000+E19*130000+F19*155000+G19*180000 | K19: =C19*30000+D19*45000+E19*70000+F19*95000+G19*120000
A20: 4 | B20: 46147 | C20: =IFERROR(COUNTIFS('📋 Data Pasien'!$B:$B,B19,'📋 Data Pasien'!$J:$J,"dr. HAWA",'📋 Data Pasien'!$D:$D,100000),0) | D20: =IFERROR(COUNTIFS('📋 Data Pasien'!$B:$B,B19,'📋 Data Pasien'!$J:$J,"dr. HAWA",'📋 Data Pasien'!$D:$D,150000),0) | E20: =IFERROR(COUNTIFS('📋 Data Pasien'!$B:$B,B19,'📋 Data Pasien'!$J:$J,"dr. HAWA",'📋 Data Pasien'!$D:$D,200000),0) | F20: =IFERROR(COUNTIFS('📋 Data Pasien'!$B:$B,B19,'📋 Data Pasien'!$J:$J,"dr. HAWA",'📋 Data Pasien'!$D:$D,250000),0) | G20: =IFERROR(COUNTIFS('📋 Data Pasien'!$B:$B,B19,'📋 Data Pasien'!$J:$J,"dr. HAWA",'📋 Data Pasien'!$D:$D,300000),0) | H20: =SUM(C19:G19) | I20: =C20*100000+D20*150000+E20*200000+F20*250000+G20*300000 | J20: =C20*70000+D20*105000+E20*130000+F20*155000+G20*180000 | K20: =C20*30000+D20*45000+E20*70000+F20*95000+G20*120000
A21: 5 | B21: 46151 | C21: =IFERROR(COUNTIFS('📋 Data Pasien'!$B:$B,B20,'📋 Data Pasien'!$J:$J,"dr. HAWA",'📋 Data Pasien'!$D:$D,100000),0) | D21: =IFERROR(COUNTIFS('📋 Data Pasien'!$B:$B,B20,'📋 Data Pasien'!$J:$J,"dr. HAWA",'📋 Data Pasien'!$D:$D,150000),0) | E21: =IFERROR(COUNTIFS('📋 Data Pasien'!$B:$B,B20,'📋 Data Pasien'!$J:$J,"dr. HAWA",'📋 Data Pasien'!$D:$D,200000),0) | F21: =IFERROR(COUNTIFS('📋 Data Pasien'!$B:$B,B20,'📋 Data Pasien'!$J:$J,"dr. HAWA",'📋 Data Pasien'!$D:$D,250000),0) | G21: =IFERROR(COUNTIFS('📋 Data Pasien'!$B:$B,B20,'📋 Data Pasien'!$J:$J,"dr. HAWA",'📋 Data Pasien'!$D:$D,300000),0) | H21: =SUM(C20:G20) | I21: =C21*100000+D21*150000+E21*200000+F21*250000+G21*300000 | J21: =C21*70000+D21*105000+E21*130000+F21*155000+G21*180000 | K21: =C21*30000+D21*45000+E21*70000+F21*95000+G21*120000
A22: 6 | B22: 46152 | C22: =IFERROR(COUNTIFS('📋 Data Pasien'!$B:$B,B21,'📋 Data Pasien'!$J:$J,"dr. HAWA",'📋 Data Pasien'!$D:$D,100000),0) | D22: =IFERROR(COUNTIFS('📋 Data Pasien'!$B:$B,B21,'📋 Data Pasien'!$J:$J,"dr. HAWA",'📋 Data Pasien'!$D:$D,150000),0) | E22: =IFERROR(COUNTIFS('📋 Data Pasien'!$B:$B,B21,'📋 Data Pasien'!$J:$J,"dr. HAWA",'📋 Data Pasien'!$D:$D,200000),0) | F22: =IFERROR(COUNTIFS('📋 Data Pasien'!$B:$B,B21,'📋 Data Pasien'!$J:$J,"dr. HAWA",'📋 Data Pasien'!$D:$D,250000),0) | G22: =IFERROR(COUNTIFS('📋 Data Pasien'!$B:$B,B21,'📋 Data Pasien'!$J:$J,"dr. HAWA",'📋 Data Pasien'!$D:$D,300000),0) | H22: =SUM(C21:G21) | I22: =C22*100000+D22*150000+E22*200000+F22*250000+G22*300000 | J22: =C22*70000+D22*105000+E22*130000+F22*155000+G22*180000 | K22: =C22*30000+D22*45000+E22*70000+F22*95000+G22*120000
A23: 7 | B23: 46154 | C23: =IFERROR(COUNTIFS('📋 Data Pasien'!$B:$B,B22,'📋 Data Pasien'!$J:$J,"dr. HAWA",'📋 Data Pasien'!$D:$D,100000),0) | D23: =IFERROR(COUNTIFS('📋 Data Pasien'!$B:$B,B22,'📋 Data Pasien'!$J:$J,"dr. HAWA",'📋 Data Pasien'!$D:$D,150000),0) | E23: =IFERROR(COUNTIFS('📋 Data Pasien'!$B:$B,B22,'📋 Data Pasien'!$J:$J,"dr. HAWA",'📋 Data Pasien'!$D:$D,200000),0) | F23: =IFERROR(COUNTIFS('📋 Data Pasien'!$B:$B,B22,'📋 Data Pasien'!$J:$J,"dr. HAWA",'📋 Data Pasien'!$D:$D,250000),0) | G23: =IFERROR(COUNTIFS('📋 Data Pasien'!$B:$B,B22,'📋 Data Pasien'!$J:$J,"dr. HAWA",'📋 Data Pasien'!$D:$D,300000),0) | H23: =SUM(C22:G22) | I23: =C23*100000+D23*150000+E23*200000+F23*250000+G23*300000 | J23: =C23*70000+D23*105000+E23*130000+F23*155000+G23*180000 | K23: =C23*30000+D23*45000+E23*70000+F23*95000+G23*120000
A26: SUBTOTAL dr. HAWA | C26: =SUM(C17:C23) | D26: =SUM(D17:D23) | E26: =SUM(E17:E23) | F26: =SUM(F17:F23) | G26: =SUM(G17:G23) | H26: =SUM(H17:H23) | I26: =SUM(I17:I23) | J26: =SUM(J17:J23) | K26: =SUM(K17:K23)
A28: 👨‍⚕️ dr. JOJO
A29: No | B29: Tanggal | C29: Ps. 100rb | D29: Ps. 150rb | E29: Ps. 200rb | F29: Ps. 250rb | G29: Ps. 300rb | H29: Total Pasien | I29: Total Penarikan | J29: Fee Dokter (KONSULTASI 70%+TINDAKAN 50%) | K29: Fee Klinik (30%+50%) | L29: Keterangan
A30: 1 | B30: 46150 | C30: =IFERROR(COUNTIFS('📋 Data Pasien'!$B:$B,B30,'📋 Data Pasien'!$J:$J,"dr. JOJO",'📋 Data Pasien'!$D:$D,100000),0) | D30: =IFERROR(COUNTIFS('📋 Data Pasien'!$B:$B,B30,'📋 Data Pasien'!$J:$J,"dr. JOJO",'📋 Data Pasien'!$D:$D,150000),0) | E30: =IFERROR(COUNTIFS('📋 Data Pasien'!$B:$B,B30,'📋 Data Pasien'!$J:$J,"dr. JOJO",'📋 Data Pasien'!$D:$D,200000),0) | F30: =IFERROR(COUNTIFS('📋 Data Pasien'!$B:$B,B30,'📋 Data Pasien'!$J:$J,"dr. JOJO",'📋 Data Pasien'!$D:$D,250000),0) | G30: =IFERROR(COUNTIFS('📋 Data Pasien'!$B:$B,B30,'📋 Data Pasien'!$J:$J,"dr. JOJO",'📋 Data Pasien'!$D:$D,300000),0) | H30: =SUM(C30:G30) | I30: =C30*100000+D30*150000+E30*200000+F30*250000+G30*300000 | J30: =C30*70000+D30*105000+E30*130000+F30*155000+G30*180000 | K30: =C30*30000+D30*45000+E30*70000+F30*95000+G30*120000
A31: 2 | B31: 46153 | C31: =IFERROR(COUNTIFS('📋 Data Pasien'!$B:$B,B31,'📋 Data Pasien'!$J:$J,"dr. JOJO",'📋 Data Pasien'!$D:$D,100000),0) | D31: =IFERROR(COUNTIFS('📋 Data Pasien'!$B:$B,B31,'📋 Data Pasien'!$J:$J,"dr. JOJO",'📋 Data Pasien'!$D:$D,150000),0) | E31: =IFERROR(COUNTIFS('📋 Data Pasien'!$B:$B,B31,'📋 Data Pasien'!$J:$J,"dr. JOJO",'📋 Data Pasien'!$D:$D,200000),0) | F31: =IFERROR(COUNTIFS('📋 Data Pasien'!$B:$B,B31,'📋 Data Pasien'!$J:$J,"dr. JOJO",'📋 Data Pasien'!$D:$D,250000),0) | G31: =IFERROR(COUNTIFS('📋 Data Pasien'!$B:$B,B31,'📋 Data Pasien'!$J:$J,"dr. JOJO",'📋 Data Pasien'!$D:$D,300000),0) | H31: =SUM(C31:G31) | I31: =C31*100000+D31*150000+E31*200000+F31*250000+G31*300000 | J31: =C31*70000+D31*105000+E31*130000+F31*155000+G31*180000 | K31: =C31*30000+D31*45000+E31*70000+F31*95000+G31*120000
A34: SUBTOTAL dr. JOJO | C34: =SUM(C30:C31) | D34: =SUM(D30:D31) | E34: =SUM(E30:E31) | F34: =SUM(F30:F31) | G34: =SUM(G30:G31) | H34: =SUM(H30:H31) | I34: =SUM(I30:I31) | J34: =SUM(J30:J31) | K34: =SUM(K30:K31)
A36: 🏆 GRAND TOTAL SEMUA DOKTER
A37: GRAND TOTAL | C37: =C34+C26+C13 | D37: =D34+D26+D13 | E37: =E34+E26+E13 | F37: =F34+F26+F13 | G37: =G34+G26+G13 | H37: =H34+H26+H13 | I37: =I34+I26+I13 | J37: =J34+J26+J13 | ... L37: =L34+L26+L13
A39: 📋 RINGKASAN PEMBAYARAN KE DOKTER — Status dari sheet Pembayaran Dokter
A40: No | B40: Nama Dokter | C40: Hari Praktek | D40: Total Pasien | E40: Total Penarikan | F40: Fee Dokter | G40: Fee Klinik | H40: Status Pembayaran | I40: Tgl Terakhir | J40: Sudah Dibayar | K40: Sisa (Rp) | L40: Catatan
A41: 1 | B41: dr. ARIF | C41: =COUNTIF('Input Harian'!$C:$C,"dr. ARIF") | D41: =H13 | E41: =I12 | F41: =J12 | G41: =K12 | H41: ='💰 Pembayaran Dokter'!E6 | I41: ='💰 Pembayaran Dokter'!F6 | J41: ='💰 Pembayaran Dokter'!C6 | K41: =F41-J41
A42: 2 | B42: dr. HAWA | C42: =COUNTIF('Input Harian'!$C:$C,"dr. HAWA") | D42: =H26 | E42: =I25 | F42: =J25 | G42: =K25 | H42: ='💰 Pembayaran Dokter'!E7 | I42: ='💰 Pembayaran Dokter'!F7 | J42: ='💰 Pembayaran Dokter'!C7 | K42: =F42-J42
A43: 3 | B43: dr. JOJO | C43: =COUNTIF('Input Harian'!$C:$C,"dr. JOJO") | D43: =H34 | E43: =I34 | F43: =J34 | G43: =K34 | H43: ='💰 Pembayaran Dokter'!E8 | I43: ='💰 Pembayaran Dokter'!F8 | J43: ='💰 Pembayaran Dokter'!C8 | K43: =F43-J43

Sheet 💰 Pembayaran Dokter
A1: 💰 SISTEM PEMBAYARAN FEE DOKTER
A2: ⚠️ PETUNJUK: Isi kolom KUNING untuk mencatat pembayaran. Setiap pembayaran yang sudah LUNAS akan ditandai ✅ dan TIDAK akan terakumulasi ke pembayaran periode berikutnya.
A4: 📊 STATUS SALDO FEE DOKTER — UPDATE OTOMATIS
A5: Nama Dokter | B5: Total Fee Terhitung (Rp) | C5: Total Sudah Dibayar (Rp) | D5: Sisa Belum Dibayar (Rp) | E5: Status Terkini | F5: Terakhir Dibayar | G5: Periode | H5: KETERANGAN
A6: dr. ARIF | B6: =SUMIF('Input Harian'!$C:$C,A6,'Input Harian'!$P:$P) | C6: =SUMIF($B$19:$B$500,A6,$D$19:$D$500) | D6: =B6-C6 | E6: =IF(C6>=B6,"✅ LUNAS",IF(C6>0,"🔵 SEBAGIAN ("&TEXT(C6/B6*100,"0.0")&"%)","⏳ BELUM DIBAYAR")) | F6: =IF(COUNTIF($B$19:$B$500,A6)=0,"-",TEXT(LOOKUP(2,1/($B$19:$B$500=A6),$C$19:$C$500),"DD MMM YYYY")) | G6: Apr - Mei 2026 | H6: guarantee fee 200rb
A7: dr. HAWA | B7: =SUMIF('Input Harian'!$C:$C,A7,'Input Harian'!$P:$P) | C7: =SUMIF($B$19:$B$500,A7,$D$19:$D$500) | D7: =B7-C7 | E7: =IF(C7>=B7,"✅ LUNAS",IF(C7>0,"🔵 SEBAGIAN ("&TEXT(C7/B7*100,"0.0")&"%)","⏳ BELUM DIBAYAR")) | F7: =IF(COUNTIF($B$19:$B$500,A7)=0,"-",TEXT(LOOKUP(2,1/($B$19:$B$500=A7),$C$19:$C$500),"DD MMM YYYY")) | G7: Apr - Mei 2026
A8: dr. JOJO | B8: =SUMIF('Input Harian'!$C:$C,A8,'Input Harian'!$P:$P) | C8: =SUMIF($B$19:$B$500,A8,$D$19:$D$500) | D8: =B8-C8 | E8: =IF(C8>=B8,"✅ LUNAS",IF(C8>0,"🔵 SEBAGIAN ("&TEXT(C8/B8*100,"0.0")&"%)","⏳ BELUM DIBAYAR")) | F8: =IF(COUNTIF($B$19:$B$500,A8)=0,"-",TEXT(LOOKUP(2,1/($B$19:$B$500=A8),$C$19:$C$500),"DD MMM YYYY")) | G8: Apr - Mei 2026
A9: GRAND TOTAL | B9: =SUM(B6:B8) | C9: =SUM(C6:C8) | D9: =SUM(D6:D8)
A11: 🔒 CARA KERJA SISTEM PEMBAYARAN TERPISAH PER PERIODE:
A12: 1️⃣ Setiap ada pembayaran ke dokter → tambah baris baru di tabel RIWAYAT PEMBAYARAN di bawah (isi kolom kuning)
A13: 2️⃣ Kolom "Saldo Sisa Otomatis" menghitung sisa fee setelah setiap transaksi secara real-time
A14: 3️⃣ Status ✅ LUNAS muncul otomatis saat total bayar sudah >= total fee. Nominal yg sudah LUNAS TIDAK akan masuk akumulasi periode berikutnya
A15: 4️⃣ Untuk periode baru (bulan baru): update kolom G "Periode" (baris 6-8) dan mulai dari baris riwayat baru
A17: 📋 RIWAYAT PEMBAYARAN KE DOKTER (Tambah baris baru setiap ada transaksi pembayaran)
A18: No | B18: Nama Dokter ▼ dropdown | C18: Tanggal Pembayaran | D18: Jumlah Dibayar (Rp) | E18: Metode ▼ dropdown | F18: Periode Dibayar | G18: Keterangan / No. Bukti Transfer | H18: Dicatat Oleh | I18: Status Otomatis | J18: ✓ Tanda Terima | K18: Verifikasi | L18: Saldo Sisa Dokter Otomatis (Rp) | M18: KETERANGAN
A19: =IF(B19<>"",COUNTA($B$19:B19),"" ) | B19: dr. JOJO | C19: 46153 | D19: 3550000 | E19: Cash | I19: =IF(B19="","",IF(D19>0,"✔ Tercatat","— ")) | L19: =IF(B19="","",IFERROR(SUMIF($A$6:$A$8,B19,$B$6:$B$8)-SUMIF($B$19:B19,B19,$D$19:D19),""))
A20: =IF(B20<>"",COUNTA($B$19:B20),"" ) | B20: dr. HAWA | C20: 46154 | D20: 7445000 | E20: Cash | I20: =IF(B20="","",IF(D20>0,"✔ Tercatat","— ")) | L20: =IF(B20="","",IFERROR(SUMIF($A$6:$A$8,B20,$B$6:$B$8)-SUMIF($B$19:B20,B20,$D$19:D20),""))
A21: 3 | B21: dr. ARIF | C21: 46156 | D21: 6905000 | E21: Cash | I21: =IF(B21="","",IF(D21>0,"✔ Tercatat","— ")) | L21: =IF(B21="","",IFERROR(SUMIF($A$6:$A$8,B21,$B$6:$B$8)-SUMIF($B$19:B21,B21,$D$19:D21),"")) | M21: guarantee fee 200rb
A22: =IF(B22<>"",COUNTA($B$19:B22),"" ) | I22: =IF(B22="","",IF(D22>0,"✔ Tercatat","— ")) | L22: =IF(B22="","",IFERROR(SUMIF($A$6:$A$8,B22,$B$6:$B$8)-SUMIF($B$19:B22,B22,$D$19:D22),""))
A23: =IF(B23<>"",COUNTA($B$19:B23),"" ) | I23: =IF(B23="","",IF(D23>0,"✔ Tercatat","— ")) | L23: =IF(B23="","",IFERROR(SUMIF($A$6:$A$8,B23,$B$6:$B$8)-SUMIF($B$19:B23,B23,$D$19:D23),""))
A24: =IF(B24<>"",COUNTA($B$19:B24),"" ) | I24: =IF(B24="","",IF(D24>0,"✔ Tercatat","— ")) | L24: =IF(B24="","",IFERROR(SUMIF($A$6:$A$8,B24,$B$6:$B$8)-SUMIF($B$19:B24,B24,$D$19:D24),""))
A25: =IF(B25<>"",COUNTA($B$19:B25),"" ) | I25: =IF(B25="","",IF(D25>0,"✔ Tercatat","— ")) | L25: =IF(B25="","",IFERROR(SUMIF($A$6:$A$8,B25,$B$6:$B$8)-SUMIF($B$19:B25,B25,$D$19:D25),""))
A26: =IF(B26<>"",COUNTA($B$19:B26),"" ) | I26: =IF(B26="","",IF(D26>0,"✔ Tercatat","— ")) | L26: =IF(B26="","",IFERROR(SUMIF($A$6:$A$8,B26,$B$6:$B$8)-SUMIF($B$19:B26,B26,$D$19:D26),""))
A27: =IF(B27<>"",COUNTA($B$19:B27),"" ) | I27: =IF(B27="","",IF(D27>0,"✔ Tercatat","— ")) | L27: =IF(B27="","",IFERROR(SUMIF($A$6:$A$8,B27,$B$6:$B$8)-SUMIF($B$19:B27,B27,$D$19:D27),""))
A28: =IF(B28<>"",COUNTA($B$19:B28),"" ) | I28: =IF(B28="","",IF(D28>0,"✔ Tercatat","— ")) | L28: =IF(B28="","",IFERROR(SUMIF($A$6:$A$8,B28,$B$6:$B$8)-SUMIF($B$19:B28,B28,$D$19:D28),""))
A29: =IF(B29<>"",COUNTA($B$19:B29),"" ) | I29: =IF(B29="","",IF(D29>0,"✔ Tercatat","— ")) | L29: =IF(B29="","",IFERROR(SUMIF($A$6:$A$8,B29,$B$6:$B$8)-SUMIF($B$19:B29,B29,$D$19:D29),""))
A30: =IF(B30<>"",COUNTA($B$19:B30),"" ) | I30: =IF(B30="","",IF(D30>0,"✔ Tercatat","— ")) | L30: =IF(B30="","",IFERROR(SUMIF($A$6:$A$8,B30,$B$6:$B$8)-SUMIF($B$19:B30,B30,$D$19:D30),""))
A31: =IF(B31<>"",COUNTA($B$19:B31),"" ) | I31: =IF(B31="","",IF(D31>0,"✔ Tercatat","— ")) | L31: =IF(B31="","",IFERROR(SUMIF($A$6:$A$8,B31,$B$6:$B$8)-SUMIF($B$19:B31,B31,$D$19:D31),""))
A32: =IF(B32<>"",COUNTA($B$19:B32),"" ) | I32: =IF(B32="","",IF(D32>0,"✔ Tercatat","— ")) | L32: =IF(B32="","",IFERROR(SUMIF($A$6:$A$8,B32,$B$6:$B$8)-SUMIF($B$19:B32,B32,$D$19:D32),""))
A33: =IF(B33<>"",COUNTA($B$19:B33),"" ) | I33: =IF(B33="","",IF(D33>0,"✔ Tercatat","— ")) | L33: =IF(B33="","",IFERROR(SUMIF($A$6:$A$8,B33,$B$6:$B$8)-SUMIF($B$19:B33,B33,$D$19:D33),""))
... A48: =IF(B48<>"",COUNTA($B$19:B48),"" ) | I48: =IF(B48="","",IF(D48>0,"✔ Tercatat","— ")) | L48: =IF(B48="","",IFERROR(SUMIF($A$6:$A$8,B48,$B$6:$B$8)-SUMIF($B$19:B48,B48,$D$19:D48),""))
A51: 🎨 KETERANGAN WARNA:
A52: 🟡 KUNING = Kolom input manual oleh pengguna | D52: 🔵 BIRU = Kalkulasi otomatis sistem (tidak perlu diisi) | H52: ✅ HIJAU = Status LUNAS, nominal tidak masuk akumulasi berikutnya

Sheet 💵 Kas & Pengeluaran
A1: 💵 KAS & PENGELUARAN — KLINIK dr. Firman Munir
A2: Pencatatan kas (cash masuk) dan pengeluaran klinik | Cash dihitung mulai 25 April 2026
A4: 📥 RINGKASAN KAS MASUK (mulai 25 April 2026)
A5: No. | B5: Keterangan | C5: Jumlah (Rp) | D5: Catatan
A6: 1 | B6: Cash Dokter (dari sheet Data Pasien) | C6: =SUMIFS('📋 Data Pasien'!$D:$D,'📋 Data Pasien'!$B:$B,">="&DATE(2026,4,25),'📋 Data Pasien'!$E:$E,"Cash") | D6: Dihitung otomatis · bayar dokter via cash
A7: 2 | B7: Cash Obat (dari sheet Data Pasien) | C7: =SUMIFS('📋 Data Pasien'!$G:$G,'📋 Data Pasien'!$B:$B,">="&DATE(2026,4,25),'📋 Data Pasien'!$H:$H,"Cash") | D7: Dihitung otomatis · bayar obat via cash
A8: 3 | B8: Transfer Dokter (dari sheet Data Pasien) | C8: =SUMIFS('📋 Data Pasien'!$D:$D,'📋 Data Pasien'!$B:$B,">="&DATE(2026,4,25),'📋 Data Pasien'!$E:$E,"Transfer Bank") | D8: Dihitung otomatis · bayar dokter via transfer
A9: 4 | B9: Transfer Obat (dari sheet Data Pasien) | C9: =SUMIFS('📋 Data Pasien'!$G:$G,'📋 Data Pasien'!$B:$B,">="&DATE(2026,4,25),'📋 Data Pasien'!$H:$H,"Transfer Bank") | D9: Dihitung otomatis · bayar obat via transfer
A10: 💰 TOTAL CASH MASUK | C10: =SUM(C6:C7) | D10: Cash Dokter + Cash Obat
A11: 🔵 TOTAL TRANSFER MASUK | C11: =SUM(C8:C9) | D11: Transfer Dokter + Transfer Obat
A12: 💰 TOTAL PEMASUKAN (Cash + Transfer) | C12: =C10+C11 | D12: Total Cash + Total Transfer
A14: 📤 PENCATATAN PENGELUARAN
A15: 💡 CARA INPUT: Isi kolom Tanggal, Keterangan, Kategori, dan Jumlah. Baris 13–42 tersedia. Total dan saldo dihitung otomatis.
A16: No. | B16: Tanggal | C16: Keterangan Pengeluaran | D16: Kategori | E16: Jumlah (Rp) | F16: Jenis Pembayaran | G16: Keterangan
A17: 1
A18: 2
A19: 3
A20: 4
A21: 5
A22: 6
A23: 7
A24: 8
A25: 9
A26: 10
A27: 11
A28: 12
... A47: 31
A48: 🔴 TOTAL PENGELUARAN | E48: =SUM(E17:E47) | G48: Jumlah semua pengeluaran
A50: 📊 SALDO KAS
A51: Keterangan | C51: Pemasukan (Rp) | D51: Pengeluaran (Rp) | E51: Saldo Bersih (Rp)
A52: 💰 Cash | C52: =C10 | D52: =SUMIF(F17:F47,"Cash",E17:E47) | E52: =C52-D52 | G52: 19880000
A53: 🔵 Transfer Bank | C53: =C11 | D53: =SUMIF(F17:F47,"Transfer Bank",E17:E47) | E53: =C53-D53 | G53: =E48-D52
A54: 💰 TOTAL (Cash + Transfer) | C54: =C12 | D54: =E48 | E54: =C54-D54

Sheet 📅 Laporan Harian
A1: 📅 LAPORAN HARIAN
A2: Rekap harian — April s/d Juni 2026 · Data otomatis dari sheet Data Pasien
A4: Periode | B4: Jml Pasien | C4: Dokter Cash (Rp) | D4: Dokter Transfer (Rp) | E4: Total Dokter (Rp) | F4: Obat Cash (Ambil, Rp) | G4: Obat Transfer (Ambil, Rp) | H4: Total Obat (Ambil, Rp) | I4: Grand Total (Rp)
A5: =IF(COUNTA('📋 Data Pasien'!C7:C17)=0,"— 01 Apr 2026 —","Rab 01 Apr 2026") | B5: =COUNTA('📋 Data Pasien'!C7:C17) | C5: =SUMIF('📋 Data Pasien'!E7:E17,"Cash",'📋 Data Pasien'!D7:D17) | D5: =SUMIF('📋 Data Pasien'!E7:E17,"Transfer Bank",'📋 Data Pasien'!D7:D17) | E5: =SUMIF('📋 Data Pasien'!C7:C17,"<>",'📋 Data Pasien'!D7:D17) | F5: =SUMIFS('📋 Data Pasien'!G7:G17,'📋 Data Pasien'!H7:H17,"Cash",'📋 Data Pasien'!F7:F17,"Ambil Obat") | G5: =SUMIFS('📋 Data Pasien'!G7:G17,'📋 Data Pasien'!H7:H17,"Transfer Bank",'📋 Data Pasien'!F7:F17,"Ambil Obat") | H5: =SUMIF('📋 Data Pasien'!F7:F17,"Ambil Obat",'📋 Data Pasien'!G7:G17) | I5: =IF(E5=0,"",E5+H5)
A6: =IF(COUNTA('📋 Data Pasien'!C20:C26)=0,"— 02 Apr 2026 —","Kam 02 Apr 2026") | B6: =COUNTA('📋 Data Pasien'!C20:C26) | C6: =SUMIF('📋 Data Pasien'!E20:E26,"Cash",'📋 Data Pasien'!D20:D26) | D6: =SUMIF('📋 Data Pasien'!E20:E26,"Transfer Bank",'📋 Data Pasien'!D20:D26) | E6: =SUMIF('📋 Data Pasien'!C20:C26,"<>",'📋 Data Pasien'!D20:D26) | F6: =SUMIFS('📋 Data Pasien'!G20:G26,'📋 Data Pasien'!H20:H26,"Cash",'📋 Data Pasien'!F20:F26,"Ambil Obat") | G6: =SUMIFS('📋 Data Pasien'!G20:G26,'📋 Data Pasien'!H20:H26,"Transfer Bank",'📋 Data Pasien'!F20:F26,"Ambil Obat") | H6: =SUMIF('📋 Data Pasien'!F20:F26,"Ambil Obat",'📋 Data Pasien'!G20:G26) | I6: =IF(E6=0,"",E6+H6)
A7: =IF(COUNTA('📋 Data Pasien'!C29:C39)=0,"— 03 Apr 2026 —","Jum 03 Apr 2026") | B7: =COUNTA('📋 Data Pasien'!C29:C39) | C7: =SUMIF('📋 Data Pasien'!E29:E39,"Cash",'📋 Data Pasien'!D29:D39) | D7: =SUMIF('📋 Data Pasien'!E29:E39,"Transfer Bank",'📋 Data Pasien'!D29:D39) | E7: =SUMIF('📋 Data Pasien'!C29:C39,"<>",'📋 Data Pasien'!D29:D39) | F7: =SUMIFS('📋 Data Pasien'!G29:G39,'📋 Data Pasien'!H29:H39,"Cash",'📋 Data Pasien'!F29:F39,"Ambil Obat") | G7: =SUMIFS('📋 Data Pasien'!G29:G39,'📋 Data Pasien'!H29:H39,"Transfer Bank",'📋 Data Pasien'!F29:F39,"Ambil Obat") | H7: =SUMIF('📋 Data Pasien'!F29:F39,"Ambil Obat",'📋 Data Pasien'!G29:G39) | I7: =IF(E7=0,"",E7+H7)
A8: =IF(COUNTA('📋 Data Pasien'!C42:C47)=0,"— 04 Apr 2026 —","Sab 04 Apr 2026") | B8: =COUNTA('📋 Data Pasien'!C42:C47) | C8: =SUMIF('📋 Data Pasien'!E42:E47,"Cash",'📋 Data Pasien'!D42:D47) | D8: =SUMIF('📋 Data Pasien'!E42:E47,"Transfer Bank",'📋 Data Pasien'!D42:D47) | E8: =SUMIF('📋 Data Pasien'!C42:C47,"<>",'📋 Data Pasien'!D42:D47) | F8: =SUMIFS('📋 Data Pasien'!G42:G47,'📋 Data Pasien'!H42:H47,"Cash",'📋 Data Pasien'!F42:F47,"Ambil Obat") | G8: =SUMIFS('📋 Data Pasien'!G42:G47,'📋 Data Pasien'!H42:H47,"Transfer Bank",'📋 Data Pasien'!F42:F47,"Ambil Obat") | H8: =SUMIF('📋 Data Pasien'!F42:F47,"Ambil Obat",'📋 Data Pasien'!G42:G47) | I8: =IF(E8=0,"",E8+H8)
A9: =IF(COUNTA('📋 Data Pasien'!C50:C50)=0,"— 05 Apr 2026 —","Min 05 Apr 2026") | B9: =COUNTA('📋 Data Pasien'!C50:C50) | C9: =SUMIF('📋 Data Pasien'!E50:E50,"Cash",'📋 Data Pasien'!D50:D50) | D9: =SUMIF('📋 Data Pasien'!E50:E50,"Transfer Bank",'📋 Data Pasien'!D50:D50) | E9: =SUMIF('📋 Data Pasien'!C50:C50,"<>",'📋 Data Pasien'!D50:D50) | F9: =SUMIFS('📋 Data Pasien'!G50:G50,'📋 Data Pasien'!H50:H50,"Cash",'📋 Data Pasien'!F50:F50,"Ambil Obat") | G9: =SUMIFS('📋 Data Pasien'!G50:G50,'📋 Data Pasien'!H50:H50,"Transfer Bank",'📋 Data Pasien'!F50:F50,"Ambil Obat") | H9: =SUMIF('📋 Data Pasien'!F50:F50,"Ambil Obat",'📋 Data Pasien'!G50:G50) | I9: =IF(E9=0,"",E9+H9)
A10: =IF(COUNTA('📋 Data Pasien'!C53:C53)=0,"— 06 Apr 2026 —","Sen 06 Apr 2026") | B10: =COUNTA('📋 Data Pasien'!C53:C53) | C10: =SUMIF('📋 Data Pasien'!E53:E53,"Cash",'📋 Data Pasien'!D53:D53) | D10: =SUMIF('📋 Data Pasien'!E53:E53,"Transfer Bank",'📋 Data Pasien'!D53:D53) | E10: =SUMIF('📋 Data Pasien'!C53:C53,"<>",'📋 Data Pasien'!D53:D53) | F10: =SUMIFS('📋 Data Pasien'!G53:G53,'📋 Data Pasien'!H53:H53,"Cash",'📋 Data Pasien'!F53:F53,"Ambil Obat") | G10: =SUMIFS('📋 Data Pasien'!G53:G53,'📋 Data Pasien'!H53:H53,"Transfer Bank",'📋 Data Pasien'!F53:F53,"Ambil Obat") | H10: =SUMIF('📋 Data Pasien'!F53:F53,"Ambil Obat",'📋 Data Pasien'!G53:G53) | I10: =IF(E10=0,"",E10+H10)
A11: =IF(COUNTA('📋 Data Pasien'!C56:C56)=0,"— 07 Apr 2026 —","Sel 07 Apr 2026") | B11: =COUNTA('📋 Data Pasien'!C56:C56) | C11: =SUMIF('📋 Data Pasien'!E56:E56,"Cash",'📋 Data Pasien'!D56:D56) | D11: =SUMIF('📋 Data Pasien'!E56:E56,"Transfer Bank",'📋 Data Pasien'!D56:D56) | E11: =SUMIF('📋 Data Pasien'!C56:C56,"<>",'📋 Data Pasien'!D56:D56) | F11: =SUMIFS('📋 Data Pasien'!G56:G56,'📋 Data Pasien'!H56:H56,"Cash",'📋 Data Pasien'!F56:F56,"Ambil Obat") | G11: =SUMIFS('📋 Data Pasien'!G56:G56,'📋 Data Pasien'!H56:H56,"Transfer Bank",'📋 Data Pasien'!F56:F56,"Ambil Obat") | H11: =SUMIF('📋 Data Pasien'!F56:F56,"Ambil Obat",'📋 Data Pasien'!G56:G56) | I11: =IF(E11=0,"",E11+H11)
A12: =IF(COUNTA('📋 Data Pasien'!C59:C59)=0,"— 08 Apr 2026 —","Rab 08 Apr 2026") | B12: =COUNTA('📋 Data Pasien'!C59:C59) | C12: =SUMIF('📋 Data Pasien'!E59:E59,"Cash",'📋 Data Pasien'!D59:D59) | D12: =SUMIF('📋 Data Pasien'!E59:E59,"Transfer Bank",'📋 Data Pasien'!D59:D59) | E12: =SUMIF('📋 Data Pasien'!C59:C59,"<>",'📋 Data Pasien'!D59:D59) | F12: =SUMIFS('📋 Data Pasien'!G59:G59,'📋 Data Pasien'!H59:H59,"Cash",'📋 Data Pasien'!F59:F59,"Ambil Obat") | G12: =SUMIFS('📋 Data Pasien'!G59:G59,'📋 Data Pasien'!H59:H59,"Transfer Bank",'📋 Data Pasien'!F59:F59,"Ambil Obat") | H12: =SUMIF('📋 Data Pasien'!F59:F59,"Ambil Obat",'📋 Data Pasien'!G59:G59) | I12: =IF(E12=0,"",E12+H12)
A13: =IF(COUNTA('📋 Data Pasien'!C62:C62)=0,"— 09 Apr 2026 —","Kam 09 Apr 2026") | B13: =COUNTA('📋 Data Pasien'!C62:C62) | C13: =SUMIF('📋 Data Pasien'!E62:E62,"Cash",'📋 Data Pasien'!D62:D62) | D13: =SUMIF('📋 Data Pasien'!E62:E62,"Transfer Bank",'📋 Data Pasien'!D62:D62) | E13: =SUMIF('📋 Data Pasien'!C62:C62,"<>",'📋 Data Pasien'!D62:D62) | F13: =SUMIFS('📋 Data Pasien'!G62:G62,'📋 Data Pasien'!H62:H62,"Cash",'📋 Data Pasien'!F62:F62,"Ambil Obat") | G13: =SUMIFS('📋 Data Pasien'!G62:G62,'📋 Data Pasien'!H62:H62,"Transfer Bank",'📋 Data Pasien'!F62:F62,"Ambil Obat") | H13: =SUMIF('📋 Data Pasien'!F62:F62,"Ambil Obat",'📋 Data Pasien'!G62:G62) | I13: =IF(E13=0,"",E13+H13)
A14: =IF(COUNTA('📋 Data Pasien'!C65:C65)=0,"— 10 Apr 2026 —","Jum 10 Apr 2026") | B14: =COUNTA('📋 Data Pasien'!C65:C65) | C14: =SUMIF('📋 Data Pasien'!E65:E65,"Cash",'📋 Data Pasien'!D65:D65) | D14: =SUMIF('📋 Data Pasien'!E65:E65,"Transfer Bank",'📋 Data Pasien'!D65:D65) | E14: =SUMIF('📋 Data Pasien'!C65:C65,"<>",'📋 Data Pasien'!D65:D65) | F14: =SUMIFS('📋 Data Pasien'!G65:G65,'📋 Data Pasien'!H65:H65,"Cash",'📋 Data Pasien'!F65:F65,"Ambil Obat") | G14: =SUMIFS('📋 Data Pasien'!G65:G65,'📋 Data Pasien'!H65:H65,"Transfer Bank",'📋 Data Pasien'!F65:F65,"Ambil Obat") | H14: =SUMIF('📋 Data Pasien'!F65:F65,"Ambil Obat",'📋 Data Pasien'!G65:G65) | I14: =IF(E14=0,"",E14+H14)
A15: =IF(COUNTA('📋 Data Pasien'!C68:C68)=0,"— 11 Apr 2026 —","Sab 11 Apr 2026") | B15: =COUNTA('📋 Data Pasien'!C68:C68) | C15: =SUMIF('📋 Data Pasien'!E68:E68,"Cash",'📋 Data Pasien'!D68:D68) | D15: =SUMIF('📋 Data Pasien'!E68:E68,"Transfer Bank",'📋 Data Pasien'!D68:D68) | E15: =SUMIF('📋 Data Pasien'!C68:C68,"<>",'📋 Data Pasien'!D68:D68) | F15: =SUMIFS('📋 Data Pasien'!G68:G68,'📋 Data Pasien'!H68:H68,"Cash",'📋 Data Pasien'!F68:F68,"Ambil Obat") | G15: =SUMIFS('📋 Data Pasien'!G68:G68,'📋 Data Pasien'!H68:H68,"Transfer Bank",'📋 Data Pasien'!F68:F68,"Ambil Obat") | H15: =SUMIF('📋 Data Pasien'!F68:F68,"Ambil Obat",'📋 Data Pasien'!G68:G68) | I15: =IF(E15=0,"",E15+H15)
A16: =IF(COUNTA('📋 Data Pasien'!C71:C71)=0,"— 12 Apr 2026 —","Min 12 Apr 2026") | B16: =COUNTA('📋 Data Pasien'!C71:C71) | C16: =SUMIF('📋 Data Pasien'!E71:E71,"Cash",'📋 Data Pasien'!D71:D71) | D16: =SUMIF('📋 Data Pasien'!E71:E71,"Transfer Bank",'📋 Data Pasien'!D71:D71) | E16: =SUMIF('📋 Data Pasien'!C71:C71,"<>",'📋 Data Pasien'!D71:D71) | F16: =SUMIFS('📋 Data Pasien'!G71:G71,'📋 Data Pasien'!H71:H71,"Cash",'📋 Data Pasien'!F71:F71,"Ambil Obat") | G16: =SUMIFS('📋 Data Pasien'!G71:G71,'📋 Data Pasien'!H71:H71,"Transfer Bank",'📋 Data Pasien'!F71:F71,"Ambil Obat") | H16: =SUMIF('📋 Data Pasien'!F71:F71,"Ambil Obat",'📋 Data Pasien'!G71:G71) | I16: =IF(E16=0,"",E16+H16)
A17: =IF(COUNTA('📋 Data Pasien'!C74:C74)=0,"— 13 Apr 2026 —","Sen 13 Apr 2026") | B17: =COUNTA('📋 Data Pasien'!C74:C74) | C17: =SUMIF('📋 Data Pasien'!E74:E74,"Cash",'📋 Data Pasien'!D74:D74) | D17: =SUMIF('📋 Data Pasien'!E74:E74,"Transfer Bank",'📋 Data Pasien'!D74:D74) | E17: =SUMIF('📋 Data Pasien'!C74:C74,"<>",'📋 Data Pasien'!D74:D74) | F17: =SUMIFS('📋 Data Pasien'!G74:G74,'📋 Data Pasien'!H74:H74,"Cash",'📋 Data Pasien'!F74:F74,"Ambil Obat") | G17: =SUMIFS('📋 Data Pasien'!G74:G74,'📋 Data Pasien'!H74:H74,"Transfer Bank",'📋 Data Pasien'!F74:F74,"Ambil Obat") | H17: =SUMIF('📋 Data Pasien'!F74:F74,"Ambil Obat",'📋 Data Pasien'!G74:G74) | I17: =IF(E17=0,"",E17+H17)
A18: =IF(COUNTA('📋 Data Pasien'!C77:C77)=0,"— 14 Apr 2026 —","Sel 14 Apr 2026") | B18: =COUNTA('📋 Data Pasien'!C77:C77) | C18: =SUMIF('📋 Data Pasien'!E77:E77,"Cash",'📋 Data Pasien'!D77:D77) | D18: =SUMIF('📋 Data Pasien'!E77:E77,"Transfer Bank",'📋 Data Pasien'!D77:D77) | E18: =SUMIF('📋 Data Pasien'!C77:C77,"<>",'📋 Data Pasien'!D77:D77) | F18: =SUMIFS('📋 Data Pasien'!G77:G77,'📋 Data Pasien'!H77:H77,"Cash",'📋 Data Pasien'!F77:F77,"Ambil Obat") | G18: =SUMIFS('📋 Data Pasien'!G77:G77,'📋 Data Pasien'!H77:H77,"Transfer Bank",'📋 Data Pasien'!F77:F77,"Ambil Obat") | H18: =SUMIF('📋 Data Pasien'!F77:F77,"Ambil Obat",'📋 Data Pasien'!G77:G77) | I18: =IF(E18=0,"",E18+H18)
A19: =IF(COUNTA('📋 Data Pasien'!C80:C80)=0,"— 15 Apr 2026 —","Rab 15 Apr 2026") | B19: =COUNTA('📋 Data Pasien'!C80:C80) | C19: =SUMIF('📋 Data Pasien'!E80:E80,"Cash",'📋 Data Pasien'!D80:D80) | D19: =SUMIF('📋 Data Pasien'!E80:E80,"Transfer Bank",'📋 Data Pasien'!D80:D80) | E19: =SUMIF('📋 Data Pasien'!C80:C80,"<>",'📋 Data Pasien'!D80:D80) | F19: =SUMIFS('📋 Data Pasien'!G80:G80,'📋 Data Pasien'!H80:H80,"Cash",'📋 Data Pasien'!F80:F80,"Ambil Obat") | G19: =SUMIFS('📋 Data Pasien'!G80:G80,'📋 Data Pasien'!H80:H80,"Transfer Bank",'📋 Data Pasien'!F80:F80,"Ambil Obat") | H19: =SUMIF('📋 Data Pasien'!F80:F80,"Ambil Obat",'📋 Data Pasien'!G80:G80) | I19: =IF(E19=0,"",E19+H19)
A20: =IF(COUNTA('📋 Data Pasien'!C83:C83)=0,"— 16 Apr 2026 —","Kam 16 Apr 2026") | B20: =COUNTA('📋 Data Pasien'!C83:C83) | C20: =SUMIF('📋 Data Pasien'!E83:E83,"Cash",'📋 Data Pasien'!D83:D83) | D20: =SUMIF('📋 Data Pasien'!E83:E83,"Transfer Bank",'📋 Data Pasien'!D83:D83) | E20: =SUMIF('📋 Data Pasien'!C83:C83,"<>",'📋 Data Pasien'!D83:D83) | F20: =SUMIFS('📋 Data Pasien'!G83:G83,'📋 Data Pasien'!H83:H83,"Cash",'📋 Data Pasien'!F83:F83,"Ambil Obat") | G20: =SUMIFS('📋 Data Pasien'!G83:G83,'📋 Data Pasien'!H83:H83,"Transfer Bank",'📋 Data Pasien'!F83:F83,"Ambil Obat") | H20: =SUMIF('📋 Data Pasien'!F83:F83,"Ambil Obat",'📋 Data Pasien'!G83:G83) | I20: =IF(E20=0,"",E20+H20)
A21: =IF(COUNTA('📋 Data Pasien'!C86:C86)=0,"— 17 Apr 2026 —","Jum 17 Apr 2026") | B21: =COUNTA('📋 Data Pasien'!C86:C86) | C21: =SUMIF('📋 Data Pasien'!E86:E86,"Cash",'📋 Data Pasien'!D86:D86) | D21: =SUMIF('📋 Data Pasien'!E86:E86,"Transfer Bank",'📋 Data Pasien'!D86:D86) | E21: =SUMIF('📋 Data Pasien'!C86:C86,"<>",'📋 Data Pasien'!D86:D86) | F21: =SUMIFS('📋 Data Pasien'!G86:G86,'📋 Data Pasien'!H86:H86,"Cash",'📋 Data Pasien'!F86:F86,"Ambil Obat") | G21: =SUMIFS('📋 Data Pasien'!G86:G86,'📋 Data Pasien'!H86:H86,"Transfer Bank",'📋 Data Pasien'!F86:F86,"Ambil Obat") | H21: =SUMIF('📋 Data Pasien'!F86:F86,"Ambil Obat",'📋 Data Pasien'!G86:G86) | I21: =IF(E21=0,"",E21+H21)
A22: =IF(COUNTA('📋 Data Pasien'!C89:C89)=0,"— 18 Apr 2026 —","Sab 18 Apr 2026") | B22: =COUNTA('📋 Data Pasien'!C89:C89) | C22: =SUMIF('📋 Data Pasien'!E89:E89,"Cash",'📋 Data Pasien'!D89:D89) | D22: =SUMIF('📋 Data Pasien'!E89:E89,"Transfer Bank",'📋 Data Pasien'!D89:D89) | E22: =SUMIF('📋 Data Pasien'!C89:C89,"<>",'📋 Data Pasien'!D89:D89) | F22: =SUMIFS('📋 Data Pasien'!G89:G89,'📋 Data Pasien'!H89:H89,"Cash",'📋 Data Pasien'!F89:F89,"Ambil Obat") | G22: =SUMIFS('📋 Data Pasien'!G89:G89,'📋 Data Pasien'!H89:H89,"Transfer Bank",'📋 Data Pasien'!F89:F89,"Ambil Obat") | H22: =SUMIF('📋 Data Pasien'!F89:F89,"Ambil Obat",'📋 Data Pasien'!G89:G89) | I22: =IF(E22=0,"",E22+H22)
A23: =IF(COUNTA('📋 Data Pasien'!C92:C92)=0,"— 19 Apr 2026 —","Min 19 Apr 2026") | B23: =COUNTA('📋 Data Pasien'!C92:C92) | C23: =SUMIF('📋 Data Pasien'!E92:E92,"Cash",'📋 Data Pasien'!D92:D92) | D23: =SUMIF('📋 Data Pasien'!E92:E92,"Transfer Bank",'📋 Data Pasien'!D92:D92) | E23: =SUMIF('📋 Data Pasien'!C92:C92,"<>",'📋 Data Pasien'!D92:D92) | F23: =SUMIFS('📋 Data Pasien'!G92:G92,'📋 Data Pasien'!H92:H92,"Cash",'📋 Data Pasien'!F92:F92,"Ambil Obat") | G23: =SUMIFS('📋 Data Pasien'!G92:G92,'📋 Data Pasien'!H92:H92,"Transfer Bank",'📋 Data Pasien'!F92:F92,"Ambil Obat") | H23: =SUMIF('📋 Data Pasien'!F92:F92,"Ambil Obat",'📋 Data Pasien'!G92:G92) | I23: =IF(E23=0,"",E23+H23)
A24: =IF(COUNTA('📋 Data Pasien'!C95:C95)=0,"— 20 Apr 2026 —","Sen 20 Apr 2026") | B24: =COUNTA('📋 Data Pasien'!C95:C95) | C24: =SUMIF('📋 Data Pasien'!E95:E95,"Cash",'📋 Data Pasien'!D95:D95) | D24: =SUMIF('📋 Data Pasien'!E95:E95,"Transfer Bank",'📋 Data Pasien'!D95:D95) | E24: =SUMIF('📋 Data Pasien'!C95:C95,"<>",'📋 Data Pasien'!D95:D95) | F24: =SUMIFS('📋 Data Pasien'!G95:G95,'📋 Data Pasien'!H95:H95,"Cash",'📋 Data Pasien'!F95:F95,"Ambil Obat") | G24: =SUMIFS('📋 Data Pasien'!G95:G95,'📋 Data Pasien'!H95:H95,"Transfer Bank",'📋 Data Pasien'!F95:F95,"Ambil Obat") | H24: =SUMIF('📋 Data Pasien'!F95:F95,"Ambil Obat",'📋 Data Pasien'!G95:G95) | I24: =IF(E24=0,"",E24+H24)
A25: =IF(COUNTA('📋 Data Pasien'!C98:C98)=0,"— 21 Apr 2026 —","Sel 21 Apr 2026") | B25: =COUNTA('📋 Data Pasien'!C98:C98) | C25: =SUMIF('📋 Data Pasien'!E98:E98,"Cash",'📋 Data Pasien'!D98:D98) | D25: =SUMIF('📋 Data Pasien'!E98:E98,"Transfer Bank",'📋 Data Pasien'!D98:D98) | E25: =SUMIF('📋 Data Pasien'!C98:C98,"<>",'📋 Data Pasien'!D98:D98) | F25: =SUMIFS('📋 Data Pasien'!G98:G98,'📋 Data Pasien'!H98:H98,"Cash",'📋 Data Pasien'!F98:F98,"Ambil Obat") | G25: =SUMIFS('📋 Data Pasien'!G98:G98,'📋 Data Pasien'!H98:H98,"Transfer Bank",'📋 Data Pasien'!F98:F98,"Ambil Obat") | H25: =SUMIF('📋 Data Pasien'!F98:F98,"Ambil Obat",'📋 Data Pasien'!G98:G98) | I25: =IF(E25=0,"",E25+H25)
A26: =IF(COUNTA('📋 Data Pasien'!C101:C101)=0,"— 22 Apr 2026 —","Rab 22 Apr 2026") | B26: =COUNTA('📋 Data Pasien'!C101:C101) | C26: =SUMIF('📋 Data Pasien'!E101:E101,"Cash",'📋 Data Pasien'!D101:D101) | D26: =SUMIF('📋 Data Pasien'!E101:E101,"Transfer Bank",'📋 Data Pasien'!D101:D101) | E26: =SUMIF('📋 Data Pasien'!C101:C101,"<>",'📋 Data Pasien'!D101:D101) | F26: =SUMIFS('📋 Data Pasien'!G101:G101,'📋 Data Pasien'!H101:H101,"Cash",'📋 Data Pasien'!F101:F101,"Ambil Obat") | G26: =SUMIFS('📋 Data Pasien'!G101:G101,'📋 Data Pasien'!H101:H101,"Transfer Bank",'📋 Data Pasien'!F101:F101,"Ambil Obat") | H26: =SUMIF('📋 Data Pasien'!F101:F101,"Ambil Obat",'📋 Data Pasien'!G101:G101) | I26: =IF(E26=0,"",E26+H26)
A27: =IF(COUNTA('📋 Data Pasien'!C104:C104)=0,"— 23 Apr 2026 —","Kam 23 Apr 2026") | B27: =COUNTA('📋 Data Pasien'!C104:C104) | C27: =SUMIF('📋 Data Pasien'!E104:E104,"Cash",'📋 Data Pasien'!D104:D104) | D27: =SUMIF('📋 Data Pasien'!E104:E104,"Transfer Bank",'📋 Data Pasien'!D104:D104) | E27: =SUMIF('📋 Data Pasien'!C104:C104,"<>",'📋 Data Pasien'!D104:D104) | F27: =SUMIFS('📋 Data Pasien'!G104:G104,'📋 Data Pasien'!H104:H104,"Cash",'📋 Data Pasien'!F104:F104,"Ambil Obat") | G27: =SUMIFS('📋 Data Pasien'!G104:G104,'📋 Data Pasien'!H104:H104,"Transfer Bank",'📋 Data Pasien'!F104:F104,"Ambil Obat") | H27: =SUMIF('📋 Data Pasien'!F104:F104,"Ambil Obat",'📋 Data Pasien'!G104:G104) | I27: =IF(E27=0,"",E27+H27)
A28: =IF(COUNTA('📋 Data Pasien'!C107:C107)=0,"— 24 Apr 2026 —","Jum 24 Apr 2026") | B28: =COUNTA('📋 Data Pasien'!C107:C107) | C28: =SUMIF('📋 Data Pasien'!E107:E107,"Cash",'📋 Data Pasien'!D107:D107) | D28: =SUMIF('📋 Data Pasien'!E107:E107,"Transfer Bank",'📋 Data Pasien'!D107:D107) | E28: =SUMIF('📋 Data Pasien'!C107:C107,"<>",'📋 Data Pasien'!D107:D107) | F28: =SUMIFS('📋 Data Pasien'!G107:G107,'📋 Data Pasien'!H107:H107,"Cash",'📋 Data Pasien'!F107:F107,"Ambil Obat") | G28: =SUMIFS('📋 Data Pasien'!G107:G107,'📋 Data Pasien'!H107:H107,"Transfer Bank",'📋 Data Pasien'!F107:F107,"Ambil Obat") | H28: =SUMIF('📋 Data Pasien'!F107:F107,"Ambil Obat",'📋 Data Pasien'!G107:G107) | I28: =IF(E28=0,"",E28+H28)
A29: =IF(COUNTA('📋 Data Pasien'!C110:C110)=0,"— 25 Apr 2026 —","Sab 25 Apr 2026") | B29: =COUNTA('📋 Data Pasien'!C110:C110) | C29: =SUMIF('📋 Data Pasien'!E110:E110,"Cash",'📋 Data Pasien'!D110:D110) | D29: =SUMIF('📋 Data Pasien'!E110:E110,"Transfer Bank",'📋 Data Pasien'!D110:D110) | E29: =SUMIF('📋 Data Pasien'!C110:C110,"<>",'📋 Data Pasien'!D110:D110) | F29: =SUMIFS('📋 Data Pasien'!G110:G110,'📋 Data Pasien'!H110:H110,"Cash",'📋 Data Pasien'!F110:F110,"Ambil Obat") | G29: =SUMIFS('📋 Data Pasien'!G110:G110,'📋 Data Pasien'!H110:H110,"Transfer Bank",'📋 Data Pasien'!F110:F110,"Ambil Obat") | H29: =SUMIF('📋 Data Pasien'!F110:F110,"Ambil Obat",'📋 Data Pasien'!G110:G110) | I29: =IF(E29=0,"",E29+H29)
A30: =IF(COUNTA('📋 Data Pasien'!C113:C113)=0,"— 26 Apr 2026 —","Min 26 Apr 2026") | B30: =COUNTA('📋 Data Pasien'!C113:C113) | C30: =SUMIF('📋 Data Pasien'!E113:E113,"Cash",'📋 Data Pasien'!D113:D113) | D30: =SUMIF('📋 Data Pasien'!E113:E113,"Transfer Bank",'📋 Data Pasien'!D113:D113) | E30: =SUMIF('📋 Data Pasien'!C113:C113,"<>",'📋 Data Pasien'!D113:D113) | F30: =SUMIFS('📋 Data Pasien'!G113:G113,'📋 Data Pasien'!H113:H113,"Cash",'📋 Data Pasien'!F113:F113,"Ambil Obat") | G30: =SUMIFS('📋 Data Pasien'!G113:G113,'📋 Data Pasien'!H113:H113,"Transfer Bank",'📋 Data Pasien'!F113:F113,"Ambil Obat") | H30: =SUMIF('📋 Data Pasien'!F113:F113,"Ambil Obat",'📋 Data Pasien'!G113:G113) | I30: =IF(E30=0,"",E30+H30)
A31: =IF(COUNTA('📋 Data Pasien'!C116:C116)=0,"— 27 Apr 2026 —","Sen 27 Apr 2026") | B31: =COUNTA('📋 Data Pasien'!C116:C116) | C31: =SUMIF('📋 Data Pasien'!E116:E116,"Cash",'📋 Data Pasien'!D116:D116) | D31: =SUMIF('📋 Data Pasien'!E116:E116,"Transfer Bank",'📋 Data Pasien'!D116:D116) | E31: =SUMIF('📋 Data Pasien'!C116:C116,"<>",'📋 Data Pasien'!D116:D116) | F31: =SUMIFS('📋 Data Pasien'!G116:G116,'📋 Data Pasien'!H116:H116,"Cash",'📋 Data Pasien'!F116:F116,"Ambil Obat") | G31: =SUMIFS('📋 Data Pasien'!G116:G116,'📋 Data Pasien'!H116:H116,"Transfer Bank",'📋 Data Pasien'!F116:F116,"Ambil Obat") | H31: =SUMIF('📋 Data Pasien'!F116:F116,"Ambil Obat",'📋 Data Pasien'!G116:G116) | I31: =IF(E31=0,"",E31+H31)
A32: =IF(COUNTA('📋 Data Pasien'!C119:C122)=0,"— 28 Apr 2026 —","Sel 28 Apr 2026") | B32: =COUNTA('📋 Data Pasien'!C119:C122) | C32: =SUMIF('📋 Data Pasien'!E119:E122,"Cash",'📋 Data Pasien'!D119:D122) | D32: =SUMIF('📋 Data Pasien'!E119:E122,"Transfer Bank",'📋 Data Pasien'!D119:D122) | E32: =SUMIF('📋 Data Pasien'!C119:C122,"<>",'📋 Data Pasien'!D119:D122) | F32: =SUMIFS('📋 Data Pasien'!G119:G122,'📋 Data Pasien'!H119:H122,"Cash",'📋 Data Pasien'!F119:F122,"Ambil Obat") | G32: =SUMIFS('📋 Data Pasien'!G119:G122,'📋 Data Pasien'!H119:H122,"Transfer Bank",'📋 Data Pasien'!F119:F122,"Ambil Obat") | H32: =SUMIF('📋 Data Pasien'!F119:F122,"Ambil Obat",'📋 Data Pasien'!G119:G122) | I32: =IF(E32=0,"",E32+H32)
A33: =IF(COUNTA('📋 Data Pasien'!C125:C127)=0,"— 29 Apr 2026 —","Rab 29 Apr 2026") | B33: =COUNTA('📋 Data Pasien'!C125:C127) | C33: =SUMIF('📋 Data Pasien'!E125:E127,"Cash",'📋 Data Pasien'!D125:D127) | D33: =SUMIF('📋 Data Pasien'!E125:E127,"Transfer Bank",'📋 Data Pasien'!D125:D127) | E33: =SUMIF('📋 Data Pasien'!C125:C127,"<>",'📋 Data Pasien'!D125:D127) | F33: =SUMIFS('📋 Data Pasien'!G125:G127,'📋 Data Pasien'!H125:H127,"Cash",'📋 Data Pasien'!F125:F127,"Ambil Obat") | G33: =SUMIFS('📋 Data Pasien'!G125:G127,'📋 Data Pasien'!H125:H127,"Transfer Bank",'📋 Data Pasien'!F125:F127,"Ambil Obat") | H33: =SUMIF('📋 Data Pasien'!F125:F127,"Ambil Obat",'📋 Data Pasien'!G125:G127) | I33: =IF(E33=0,"",E33+H33)
A34: =IF(COUNTA('📋 Data Pasien'!C130:C130)=0,"— 30 Apr 2026 —","Kam 30 Apr 2026") | B34: =COUNTA('📋 Data Pasien'!C130:C130) | C34: =SUMIF('📋 Data Pasien'!E130:E130,"Cash",'📋 Data Pasien'!D130:D130) | D34: =SUMIF('📋 Data Pasien'!E130:E130,"Transfer Bank",'📋 Data Pasien'!D130:D130) | E34: =SUMIF('📋 Data Pasien'!C130:C130,"<>",'📋 Data Pasien'!D130:D130) | F34: =SUMIFS('📋 Data Pasien'!G130:G130,'📋 Data Pasien'!H130:H130,"Cash",'📋 Data Pasien'!F130:F130,"Ambil Obat") | G34: =SUMIFS('📋 Data Pasien'!G130:G130,'📋 Data Pasien'!H130:H130,"Transfer Bank",'📋 Data Pasien'!F130:F130,"Ambil Obat") | H34: =SUMIF('📋 Data Pasien'!F130:F130,"Ambil Obat",'📋 Data Pasien'!G130:G130) | I34: =IF(E34=0,"",E34+H34)
A35: =IF(COUNTA('📋 Data Pasien'!C133:C133)=0,"— 01 May 2026 —","Jum 01 Mei 2026") | B35: =COUNTA('📋 Data Pasien'!C133:C133) | C35: =SUMIF('📋 Data Pasien'!E133:E133,"Cash",'📋 Data Pasien'!D133:D133) | D35: =SUMIF('📋 Data Pasien'!E133:E133,"Transfer Bank",'📋 Data Pasien'!D133:D133) | E35: =SUMIF('📋 Data Pasien'!C133:C133,"<>",'📋 Data Pasien'!D133:D133) | F35: =SUMIFS('📋 Data Pasien'!G133:G133,'📋 Data Pasien'!H133:H133,"Cash",'📋 Data Pasien'!F133:F133,"Ambil Obat") | G35: =SUMIFS('📋 Data Pasien'!G133:G133,'📋 Data Pasien'!H133:H133,"Transfer Bank",'📋 Data Pasien'!F133:F133,"Ambil Obat") | H35: =SUMIF('📋 Data Pasien'!F133:F133,"Ambil Obat",'📋 Data Pasien'!G133:G133) | I35: =IF(E35=0,"",E35+H35)
A36: =IF(COUNTA('📋 Data Pasien'!C136:C145)=0,"— 02 May 2026 —","Sab 02 Mei 2026") | B36: =COUNTA('📋 Data Pasien'!C136:C145) | C36: =SUMIF('📋 Data Pasien'!E136:E145,"Cash",'📋 Data Pasien'!D136:D145) | D36: =SUMIF('📋 Data Pasien'!E136:E145,"Transfer Bank",'📋 Data Pasien'!D136:D145) | E36: =SUMIF('📋 Data Pasien'!C136:C145,"<>",'📋 Data Pasien'!D136:D145) | F36: =SUMIFS('📋 Data Pasien'!G136:G145,'📋 Data Pasien'!H136:H145,"Cash",'📋 Data Pasien'!F136:F145,"Ambil Obat") | G36: =SUMIFS('📋 Data Pasien'!G136:G145,'📋 Data Pasien'!H136:H145,"Transfer Bank",'📋 Data Pasien'!F136:F145,"Ambil Obat") | H36: =SUMIF('📋 Data Pasien'!F136:F145,"Ambil Obat",'📋 Data Pasien'!G136:G145) | I36: =IF(E36=0,"",E36+H36)
A37: =IF(COUNTA('📋 Data Pasien'!C148:C150)=0,"— 03 May 2026 —","Min 03 Mei 2026") | B37: =COUNTA('📋 Data Pasien'!C148:C150) | C37: =SUMIF('📋 Data Pasien'!E148:E150,"Cash",'📋 Data Pasien'!D148:D150) | D37: =SUMIF('📋 Data Pasien'!E148:E150,"Transfer Bank",'📋 Data Pasien'!D148:D150) | E37: =SUMIF('📋 Data Pasien'!C148:C150,"<>",'📋 Data Pasien'!D148:D150) | F37: =SUMIFS('📋 Data Pasien'!G148:G150,'📋 Data Pasien'!H148:H150,"Cash",'📋 Data Pasien'!F148:F150,"Ambil Obat") | G37: =SUMIFS('📋 Data Pasien'!G148:G150,'📋 Data Pasien'!H148:H150,"Transfer Bank",'📋 Data Pasien'!F148:F150,"Ambil Obat") | H37: =SUMIF('📋 Data Pasien'!F148:F150,"Ambil Obat",'📋 Data Pasien'!G148:G150) | I37: =IF(E37=0,"",E37+H37)
A38: =IF(COUNTA('📋 Data Pasien'!C153:C162)=0,"— 04 May 2026 —","Sen 04 Mei 2026") | B38: =COUNTA('📋 Data Pasien'!C153:C162) | C38: =SUMIF('📋 Data Pasien'!E153:E162,"Cash",'📋 Data Pasien'!D153:D162) | D38: =SUMIF('📋 Data Pasien'!E153:E162,"Transfer Bank",'📋 Data Pasien'!D153:D162) | E38: =SUMIF('📋 Data Pasien'!C153:C162,"<>",'📋 Data Pasien'!D153:D162) | F38: =SUMIFS('📋 Data Pasien'!G153:G162,'📋 Data Pasien'!H153:H162,"Cash",'📋 Data Pasien'!F153:F162,"Ambil Obat") | G38: =SUMIFS('📋 Data Pasien'!G153:G162,'📋 Data Pasien'!H153:H162,"Transfer Bank",'📋 Data Pasien'!F153:F162,"Ambil Obat") | H38: =SUMIF('📋 Data Pasien'!F153:F162,"Ambil Obat",'📋 Data Pasien'!G153:G162) | I38: =IF(E38=0,"",E38+H38)
A39: =IF(COUNTA('📋 Data Pasien'!C165:C181)=0,"— 05 May 2026 —","Sel 05 Mei 2026") | B39: =COUNTA('📋 Data Pasien'!C165:C181) | C39: =SUMIF('📋 Data Pasien'!E165:E181,"Cash",'📋 Data Pasien'!D165:D181) | D39: =SUMIF('📋 Data Pasien'!E165:E181,"Transfer Bank",'📋 Data Pasien'!D165:D181) | E39: =SUMIF('📋 Data Pasien'!C165:C181,"<>",'📋 Data Pasien'!D165:D181) | F39: =SUMIFS('📋 Data Pasien'!G165:G181,'📋 Data Pasien'!H165:H181,"Cash",'📋 Data Pasien'!F165:F181,"Ambil Obat") | G39: =SUMIFS('📋 Data Pasien'!G165:G181,'📋 Data Pasien'!H165:H181,"Transfer Bank",'📋 Data Pasien'!F165:F181,"Ambil Obat") | H39: =SUMIF('📋 Data Pasien'!F165:F181,"Ambil Obat",'📋 Data Pasien'!G165:G181) | I39: =IF(E39=0,"",E39+H39)
A40: =IF(COUNTA('📋 Data Pasien'!C184:C195)=0,"— 06 May 2026 —","Rab 06 Mei 2026") | B40: =COUNTA('📋 Data Pasien'!C184:C195) | C40: =SUMIF('📋 Data Pasien'!E184:E195,"Cash",'📋 Data Pasien'!D184:D195) | D40: =SUMIF('📋 Data Pasien'!E184:E195,"Transfer Bank",'📋 Data Pasien'!D184:D195) | E40: =SUMIF('📋 Data Pasien'!C184:C195,"<>",'📋 Data Pasien'!D184:D195) | F40: =SUMIFS('📋 Data Pasien'!G184:G195,'📋 Data Pasien'!H184:H195,"Cash",'📋 Data Pasien'!F184:F195,"Ambil Obat") | G40: =SUMIFS('📋 Data Pasien'!G184:G195,'📋 Data Pasien'!H184:H195,"Transfer Bank",'📋 Data Pasien'!F184:F195,"Ambil Obat") | H40: =SUMIF('📋 Data Pasien'!F184:F195,"Ambil Obat",'📋 Data Pasien'!G184:G195) | I40: =IF(E40=0,"",E40+H40)
A41: =IF(COUNTA('📋 Data Pasien'!C198:C212)=0,"— 07 May 2026 —","Kam 07 Mei 2026") | B41: =COUNTA('📋 Data Pasien'!C198:C212) | C41: =SUMIF('📋 Data Pasien'!E198:E212,"Cash",'📋 Data Pasien'!D198:D212) | D41: =SUMIF('📋 Data Pasien'!E198:E212,"Transfer Bank",'📋 Data Pasien'!D198:D212) | E41: =SUMIF('📋 Data Pasien'!C198:C212,"<>",'📋 Data Pasien'!D198:D212) | F41: =SUMIFS('📋 Data Pasien'!G198:G212,'📋 Data Pasien'!H198:H212,"Cash",'📋 Data Pasien'!F198:F212,"Ambil Obat") | G41: =SUMIFS('📋 Data Pasien'!G198:G212,'📋 Data Pasien'!H198:H212,"Transfer Bank",'📋 Data Pasien'!F198:F212,"Ambil Obat") | H41: =SUMIF('📋 Data Pasien'!F198:F212,"Ambil Obat",'📋 Data Pasien'!G198:G212) | I41: =IF(E41=0,"",E41+H41)
A42: =IF(COUNTA('📋 Data Pasien'!C215:C229)=0,"— 08 May 2026 —","Jum 08 Mei 2026") | B42: =COUNTA('📋 Data Pasien'!C215:C229) | C42: =SUMIF('📋 Data Pasien'!E215:E229,"Cash",'📋 Data Pasien'!D215:D229) | D42: =SUMIF('📋 Data Pasien'!E215:E229,"Transfer Bank",'📋 Data Pasien'!D215:D229) | E42: =SUMIF('📋 Data Pasien'!C215:C229,"<>",'📋 Data Pasien'!D215:D229) | F42: =SUMIFS('📋 Data Pasien'!G215:G229,'📋 Data Pasien'!H215:H229,"Cash",'📋 Data Pasien'!F215:F229,"Ambil Obat") | G42: =SUMIFS('📋 Data Pasien'!G215:G229,'📋 Data Pasien'!H215:H229,"Transfer Bank",'📋 Data Pasien'!F215:F229,"Ambil Obat") | H42: =SUMIF('📋 Data Pasien'!F215:F229,"Ambil Obat",'📋 Data Pasien'!G215:G229) | I42: =IF(E42=0,"",E42+H42)
A43: =IF(COUNTA('📋 Data Pasien'!C232:C243)=0,"— 09 May 2026 —","Sab 09 Mei 2026") | B43: =COUNTA('📋 Data Pasien'!C232:C243) | C43: =SUMIF('📋 Data Pasien'!E232:E243,"Cash",'📋 Data Pasien'!D232:D243) | D43: =SUMIF('📋 Data Pasien'!E232:E243,"Transfer Bank",'📋 Data Pasien'!D232:D243) | E43: =SUMIF('📋 Data Pasien'!C232:C243,"<>",'📋 Data Pasien'!D232:D243) | F43: =SUMIFS('📋 Data Pasien'!G232:G243,'📋 Data Pasien'!H232:H243,"Cash",'📋 Data Pasien'!F232:F243,"Ambil Obat") | G43: =SUMIFS('📋 Data Pasien'!G232:G243,'📋 Data Pasien'!H232:H243,"Transfer Bank",'📋 Data Pasien'!F232:F243,"Ambil Obat") | H43: =SUMIF('📋 Data Pasien'!F232:F243,"Ambil Obat",'📋 Data Pasien'!G232:G243) | I43: =IF(E43=0,"",E43+H43)
A44: =IF(COUNTA('📋 Data Pasien'!C246:C254)=0,"— 10 May 2026 —","Min 10 Mei 2026") | B44: =COUNTA('📋 Data Pasien'!C246:C254) | C44: =SUMIF('📋 Data Pasien'!E246:E254,"Cash",'📋 Data Pasien'!D246:D254) | D44: =SUMIF('📋 Data Pasien'!E246:E254,"Transfer Bank",'📋 Data Pasien'!D246:D254) | E44: =SUMIF('📋 Data Pasien'!C246:C254,"<>",'📋 Data Pasien'!D246:D254) | F44: =SUMIFS('📋 Data Pasien'!G246:G254,'📋 Data Pasien'!H246:H254,"Cash",'📋 Data Pasien'!F246:F254,"Ambil Obat") | G44: =SUMIFS('📋 Data Pasien'!G246:G254,'📋 Data Pasien'!H246:H254,"Transfer Bank",'📋 Data Pasien'!F246:F254,"Ambil Obat") | H44: =SUMIF('📋 Data Pasien'!F246:F254,"Ambil Obat",'📋 Data Pasien'!G246:G254) | I44: =IF(E44=0,"",E44+H44)
A45: =IF(COUNTA('📋 Data Pasien'!C257:C269)=0,"— 11 May 2026 —","Sen 11 Mei 2026") | B45: =COUNTA('📋 Data Pasien'!C257:C269) | C45: =SUMIF('📋 Data Pasien'!E257:E269,"Cash",'📋 Data Pasien'!D257:D269) | D45: =SUMIF('📋 Data Pasien'!E257:E269,"Transfer Bank",'📋 Data Pasien'!D257:D269) | E45: =SUMIF('📋 Data Pasien'!C257:C269,"<>",'📋 Data Pasien'!D257:D269) | F45: =SUMIFS('📋 Data Pasien'!G257:G269,'📋 Data Pasien'!H257:H269,"Cash",'📋 Data Pasien'!F257:F269,"Ambil Obat") | G45: =SUMIFS('📋 Data Pasien'!G257:G269,'📋 Data Pasien'!H257:H269,"Transfer Bank",'📋 Data Pasien'!F257:F269,"Ambil Obat") | H45: =SUMIF('📋 Data Pasien'!F257:F269,"Ambil Obat",'📋 Data Pasien'!G257:G269) | I45: =IF(E45=0,"",E45+H45)
A46: =IF(COUNTA('📋 Data Pasien'!C272:C275)=0,"— 12 May 2026 —","Sel 12 Mei 2026") | B46: =COUNTA('📋 Data Pasien'!C272:C275) | C46: =SUMIF('📋 Data Pasien'!E272:E275,"Cash",'📋 Data Pasien'!D272:D275) | D46: =SUMIF('📋 Data Pasien'!E272:E275,"Transfer Bank",'📋 Data Pasien'!D272:D275) | E46: =SUMIF('📋 Data Pasien'!C272:C275,"<>",'📋 Data Pasien'!D272:D275) | F46: =SUMIFS('📋 Data Pasien'!G272:G275,'📋 Data Pasien'!H272:H275,"Cash",'📋 Data Pasien'!F272:F275,"Ambil Obat") | G46: =SUMIFS('📋 Data Pasien'!G272:G275,'📋 Data Pasien'!H272:H275,"Transfer Bank",'📋 Data Pasien'!F272:F275,"Ambil Obat") | H46: =SUMIF('📋 Data Pasien'!F272:F275,"Ambil Obat",'📋 Data Pasien'!G272:G275) | I46: =IF(E46=0,"",E46+H46)
A47: =IF(COUNTA('📋 Data Pasien'!C278:C289)=0,"— 13 May 2026 —","Rab 13 Mei 2026") | B47: =COUNTA('📋 Data Pasien'!C278:C289) | C47: =SUMIF('📋 Data Pasien'!E278:E289,"Cash",'📋 Data Pasien'!D278:D289) | D47: =SUMIF('📋 Data Pasien'!E278:E289,"Transfer Bank",'📋 Data Pasien'!D278:D289) | E47: =SUMIF('📋 Data Pasien'!C278:C289,"<>",'📋 Data Pasien'!D278:D289) | F47: =SUMIFS('📋 Data Pasien'!G278:G289,'📋 Data Pasien'!H278:H289,"Cash",'📋 Data Pasien'!F278:F289,"Ambil Obat") | G47: =SUMIFS('📋 Data Pasien'!G278:G289,'📋 Data Pasien'!H278:H289,"Transfer Bank",'📋 Data Pasien'!F278:F289,"Ambil Obat") | H47: =SUMIF('📋 Data Pasien'!F278:F289,"Ambil Obat",'📋 Data Pasien'!G278:G289) | I47: =IF(E47=0,"",E47+H47)
A48: =IF(COUNTA('📋 Data Pasien'!C292:C297)=0,"— 14 May 2026 —","Kam 14 Mei 2026") | B48: =COUNTA('📋 Data Pasien'!C292:C297) | C48: =SUMIF('📋 Data Pasien'!E292:E297,"Cash",'📋 Data Pasien'!D292:D297) | D48: =SUMIF('📋 Data Pasien'!E292:E297,"Transfer Bank",'📋 Data Pasien'!D292:D297) | E48: =SUMIF('📋 Data Pasien'!C292:C297,"<>",'📋 Data Pasien'!D292:D297) | F48: =SUMIFS('📋 Data Pasien'!G292:G297,'📋 Data Pasien'!H292:H297,"Cash",'📋 Data Pasien'!F292:F297,"Ambil Obat") | G48: =SUMIFS('📋 Data Pasien'!G292:G297,'📋 Data Pasien'!H292:H297,"Transfer Bank",'📋 Data Pasien'!F292:F297,"Ambil Obat") | H48: =SUMIF('📋 Data Pasien'!F292:F297,"Ambil Obat",'📋 Data Pasien'!G292:G297) | I48: =IF(E48=0,"",E48+H48)
A49: =IF(COUNTA('📋 Data Pasien'!C301:C315)=0,"— 15 May 2026 —","Jum 15 Mei 2026") | B49: =COUNTA('📋 Data Pasien'!C301:C315) | C49: =SUMIF('📋 Data Pasien'!E301:E315,"Cash",'📋 Data Pasien'!D301:D315) | D49: =SUMIF('📋 Data Pasien'!E301:E315,"Transfer Bank",'📋 Data Pasien'!D301:D315) | E49: =SUMIF('📋 Data Pasien'!C301:C315,"<>",'📋 Data Pasien'!D301:D315) | F49: =SUMIFS('📋 Data Pasien'!G301:G315,'📋 Data Pasien'!H301:H315,"Cash",'📋 Data Pasien'!F301:F315,"Ambil Obat") | G49: =SUMIFS('📋 Data Pasien'!G301:G315,'📋 Data Pasien'!H301:H315,"Transfer Bank",'📋 Data Pasien'!F301:F315,"Ambil Obat") | H49: =SUMIF('📋 Data Pasien'!F301:F315,"Ambil Obat",'📋 Data Pasien'!G301:G315) | I49: =IF(E49=0,"",E49+H49)
A50: =IF(COUNTA('📋 Data Pasien'!C318:C332)=0,"— 16 May 2026 —","Sab 16 Mei 2026") | B50: =COUNTA('📋 Data Pasien'!C318:C332) | C50: =SUMIF('📋 Data Pasien'!E318:E332,"Cash",'📋 Data Pasien'!D318:D332) | D50: =SUMIF('📋 Data Pasien'!E318:E332,"Transfer Bank",'📋 Data Pasien'!D318:D332) | E50: =SUMIF('📋 Data Pasien'!C318:C332,"<>",'📋 Data Pasien'!D318:D332) | F50: =SUMIFS('📋 Data Pasien'!G318:G332,'📋 Data Pasien'!H318:H332,"Cash",'📋 Data Pasien'!F318:F332,"Ambil Obat") | G50: =SUMIFS('📋 Data Pasien'!G318:G332,'📋 Data Pasien'!H318:H332,"Transfer Bank",'📋 Data Pasien'!F318:F332,"Ambil Obat") | H50: =SUMIF('📋 Data Pasien'!F318:F332,"Ambil Obat",'📋 Data Pasien'!G318:G332) | I50: =IF(E50=0,"",E50+H50) | J50: {=SUM(C29:C47+F29:F47)}
A51: =IF(COUNTA('📋 Data Pasien'!C335:C349)=0,"— 17 May 2026 —","Min 17 Mei 2026") | B51: =COUNTA('📋 Data Pasien'!C335:C349) | C51: =SUMIF('📋 Data Pasien'!E335:E349,"Cash",'📋 Data Pasien'!D335:D349) | D51: =SUMIF('📋 Data Pasien'!E335:E349,"Transfer Bank",'📋 Data Pasien'!D335:D349) | E51: =SUMIF('📋 Data Pasien'!C335:C349,"<>",'📋 Data Pasien'!D335:D349) | F51: =SUMIFS('📋 Data Pasien'!G335:G349,'📋 Data Pasien'!H335:H349,"Cash",'📋 Data Pasien'!F335:F349,"Ambil Obat") | G51: =SUMIFS('📋 Data Pasien'!G335:G349,'📋 Data Pasien'!H335:H349,"Transfer Bank",'📋 Data Pasien'!F335:F349,"Ambil Obat") | H51: =SUMIF('📋 Data Pasien'!F335:F349,"Ambil Obat",'📋 Data Pasien'!G335:G349) | I51: =IF(E51=0,"",E51+H51)
A52: =IF(COUNTA('📋 Data Pasien'!C352:C366)=0,"— 18 May 2026 —","Sen 18 Mei 2026") | B52: =COUNTA('📋 Data Pasien'!C352:C366) | C52: =SUMIF('📋 Data Pasien'!E352:E366,"Cash",'📋 Data Pasien'!D352:D366) | D52: =SUMIF('📋 Data Pasien'!E352:E366,"Transfer Bank",'📋 Data Pasien'!D352:D366) | E52: =SUMIF('📋 Data Pasien'!C352:C366,"<>",'📋 Data Pasien'!D352:D366) | F52: =SUMIFS('📋 Data Pasien'!G352:G366,'📋 Data Pasien'!H352:H366,"Cash",'📋 Data Pasien'!F352:F366,"Ambil Obat") | G52: =SUMIFS('📋 Data Pasien'!G352:G366,'📋 Data Pasien'!H352:H366,"Transfer Bank",'📋 Data Pasien'!F352:F366,"Ambil Obat") | H52: =SUMIF('📋 Data Pasien'!F352:F366,"Ambil Obat",'📋 Data Pasien'!G352:G366) | I52: =IF(E52=0,"",E52+H52)
A53: =IF(COUNTA('📋 Data Pasien'!C369:C383)=0,"— 19 May 2026 —","Sel 19 Mei 2026") | B53: =COUNTA('📋 Data Pasien'!C369:C383) | C53: =SUMIF('📋 Data Pasien'!E369:E383,"Cash",'📋 Data Pasien'!D369:D383) | D53: =SUMIF('📋 Data Pasien'!E369:E383,"Transfer Bank",'📋 Data Pasien'!D369:D383) | E53: =SUMIF('📋 Data Pasien'!C369:C383,"<>",'📋 Data Pasien'!D369:D383) | F53: =SUMIFS('📋 Data Pasien'!G369:G383,'📋 Data Pasien'!H369:H383,"Cash",'📋 Data Pasien'!F369:F383,"Ambil Obat") | G53: =SUMIFS('📋 Data Pasien'!G369:G383,'📋 Data Pasien'!H369:H383,"Transfer Bank",'📋 Data Pasien'!F369:F383,"Ambil Obat") | H53: =SUMIF('📋 Data Pasien'!F369:F383,"Ambil Obat",'📋 Data Pasien'!G369:G383) | I53: =IF(E53=0,"",E53+H53)
A54: =IF(COUNTA('📋 Data Pasien'!C386:C400)=0,"— 20 May 2026 —","Rab 20 Mei 2026") | B54: =COUNTA('📋 Data Pasien'!C386:C400) | C54: =SUMIF('📋 Data Pasien'!E386:E400,"Cash",'📋 Data Pasien'!D386:D400) | D54: =SUMIF('📋 Data Pasien'!E386:E400,"Transfer Bank",'📋 Data Pasien'!D386:D400) | E54: =SUMIF('📋 Data Pasien'!C386:C400,"<>",'📋 Data Pasien'!D386:D400) | F54: =SUMIFS('📋 Data Pasien'!G386:G400,'📋 Data Pasien'!H386:H400,"Cash",'📋 Data Pasien'!F386:F400,"Ambil Obat") | G54: =SUMIFS('📋 Data Pasien'!G386:G400,'📋 Data Pasien'!H386:H400,"Transfer Bank",'📋 Data Pasien'!F386:F400,"Ambil Obat") | H54: =SUMIF('📋 Data Pasien'!F386:F400,"Ambil Obat",'📋 Data Pasien'!G386:G400) | I54: =IF(E54=0,"",E54+H54)
A55: =IF(COUNTA('📋 Data Pasien'!C403:C417)=0,"— 21 May 2026 —","Kam 21 Mei 2026") | C55: =SUMIF('📋 Data Pasien'!E403:E417,"Cash",'📋 Data Pasien'!D403:D417) | D55: =SUMIF('📋 Data Pasien'!E403:E417,"Transfer Bank",'📋 Data Pasien'!D403:D417) | E55: =SUMIF('📋 Data Pasien'!C403:C417,"<>",'📋 Data Pasien'!D403:D417) | F55: =SUMIFS('📋 Data Pasien'!G403:G417,'📋 Data Pasien'!H403:H417,"Cash",'📋 Data Pasien'!F403:F417,"Ambil Obat") | G55: =SUMIFS('📋 Data Pasien'!G403:G417,'📋 Data Pasien'!H403:H417,"Transfer Bank",'📋 Data Pasien'!F403:F417,"Ambil Obat") | H55: =SUMIF('📋 Data Pasien'!F403:F417,"Ambil Obat",'📋 Data Pasien'!G403:G417) | I55: =IF(E55=0,"",E55+H55)
A56: =IF(COUNTA('📋 Data Pasien'!C420:C434)=0,"— 22 May 2026 —","Jum 22 Mei 2026") | B56: =COUNTA('📋 Data Pasien'!C420:C434) | C56: =SUMIF('📋 Data Pasien'!E420:E434,"Cash",'📋 Data Pasien'!D420:D434) | D56: =SUMIF('📋 Data Pasien'!E420:E434,"Transfer Bank",'📋 Data Pasien'!D420:D434) | E56: =SUMIF('📋 Data Pasien'!C420:C434,"<>",'📋 Data Pasien'!D420:D434) | F56: =SUMIFS('📋 Data Pasien'!G420:G434,'📋 Data Pasien'!H420:H434,"Cash",'📋 Data Pasien'!F420:F434,"Ambil Obat") | G56: =SUMIFS('📋 Data Pasien'!G420:G434,'📋 Data Pasien'!H420:H434,"Transfer Bank",'📋 Data Pasien'!F420:F434,"Ambil Obat") | H56: =SUMIF('📋 Data Pasien'!F420:F434,"Ambil Obat",'📋 Data Pasien'!G420:G434) | I56: =IF(E56=0,"",E56+H56)
A57: =IF(COUNTA('📋 Data Pasien'!C437:C451)=0,"— 23 May 2026 —","Sab 23 Mei 2026") | B57: =COUNTA('📋 Data Pasien'!C437:C451) | C57: =SUMIF('📋 Data Pasien'!E437:E451,"Cash",'📋 Data Pasien'!D437:D451) | D57: =SUMIF('📋 Data Pasien'!E437:E451,"Transfer Bank",'📋 Data Pasien'!D437:D451) | E57: =SUMIF('📋 Data Pasien'!C437:C451,"<>",'📋 Data Pasien'!D437:D451) | F57: =SUMIFS('📋 Data Pasien'!G437:G451,'📋 Data Pasien'!H437:H451,"Cash",'📋 Data Pasien'!F437:F451,"Ambil Obat") | G57: =SUMIFS('📋 Data Pasien'!G437:G451,'📋 Data Pasien'!H437:H451,"Transfer Bank",'📋 Data Pasien'!F437:F451,"Ambil Obat") | H57: =SUMIF('📋 Data Pasien'!F437:F451,"Ambil Obat",'📋 Data Pasien'!G437:G451) | I57: =IF(E57=0,"",E57+H57)
A58: =IF(COUNTA('📋 Data Pasien'!C454:C468)=0,"— 24 May 2026 —","Min 24 Mei 2026") | B58: =COUNTA('📋 Data Pasien'!C454:C468) | C58: =SUMIF('📋 Data Pasien'!E454:E468,"Cash",'📋 Data Pasien'!D454:D468) | D58: =SUMIF('📋 Data Pasien'!E454:E468,"Transfer Bank",'📋 Data Pasien'!D454:D468) | E58: =SUMIF('📋 Data Pasien'!C454:C468,"<>",'📋 Data Pasien'!D454:D468) | F58: =SUMIFS('📋 Data Pasien'!G454:G468,'📋 Data Pasien'!H454:H468,"Cash",'📋 Data Pasien'!F454:F468,"Ambil Obat") | G58: =SUMIFS('📋 Data Pasien'!G454:G468,'📋 Data Pasien'!H454:H468,"Transfer Bank",'📋 Data Pasien'!F454:F468,"Ambil Obat") | H58: =SUMIF('📋 Data Pasien'!F454:F468,"Ambil Obat",'📋 Data Pasien'!G454:G468) | I58: =IF(E58=0,"",E58+H58)
A59: =IF(COUNTA('📋 Data Pasien'!C471:C485)=0,"— 25 May 2026 —","Sen 25 Mei 2026") | B59: =COUNTA('📋 Data Pasien'!C471:C485) | C59: =SUMIF('📋 Data Pasien'!E471:E485,"Cash",'📋 Data Pasien'!D471:D485) | D59: =SUMIF('📋 Data Pasien'!E471:E485,"Transfer Bank",'📋 Data Pasien'!D471:D485) | E59: =SUMIF('📋 Data Pasien'!C471:C485,"<>",'📋 Data Pasien'!D471:D485) | F59: =SUMIFS('📋 Data Pasien'!G471:G485,'📋 Data Pasien'!H471:H485,"Cash",'📋 Data Pasien'!F471:F485,"Ambil Obat") | G59: =SUMIFS('📋 Data Pasien'!G471:G485,'📋 Data Pasien'!H471:H485,"Transfer Bank",'📋 Data Pasien'!F471:F485,"Ambil Obat") | H59: =SUMIF('📋 Data Pasien'!F471:F485,"Ambil Obat",'📋 Data Pasien'!G471:G485) | I59: =IF(E59=0,"",E59+H59)
A60: =IF(COUNTA('📋 Data Pasien'!C488:C502)=0,"— 26 May 2026 —","Sel 26 Mei 2026") | B60: =COUNTA('📋 Data Pasien'!C488:C502) | C60: =SUMIF('📋 Data Pasien'!E488:E502,"Cash",'📋 Data Pasien'!D488:D502) | D60: =SUMIF('📋 Data Pasien'!E488:E502,"Transfer Bank",'📋 Data Pasien'!D488:D502) | E60: =SUMIF('📋 Data Pasien'!C488:C502,"<>",'📋 Data Pasien'!D488:D502) | F60: =SUMIFS('📋 Data Pasien'!G488:G502,'📋 Data Pasien'!H488:H502,"Cash",'📋 Data Pasien'!F488:F502,"Ambil Obat") | G60: =SUMIFS('📋 Data Pasien'!G488:G502,'📋 Data Pasien'!H488:H502,"Transfer Bank",'📋 Data Pasien'!F488:F502,"Ambil Obat") | H60: =SUMIF('📋 Data Pasien'!F488:F502,"Ambil Obat",'📋 Data Pasien'!G488:G502) | I60: =IF(E60=0,"",E60+H60)
A61: =IF(COUNTA('📋 Data Pasien'!C505:C519)=0,"— 27 May 2026 —","Rab 27 Mei 2026") | B61: =COUNTA('📋 Data Pasien'!C505:C519) | C61: =SUMIF('📋 Data Pasien'!E505:E519,"Cash",'📋 Data Pasien'!D505:D519) | D61: =SUMIF('📋 Data Pasien'!E505:E519,"Transfer Bank",'📋 Data Pasien'!D505:D519) | E61: =SUMIF('📋 Data Pasien'!C505:C519,"<>",'📋 Data Pasien'!D505:D519) | F61: =SUMIFS('📋 Data Pasien'!G505:G519,'📋 Data Pasien'!H505:H519,"Cash",'📋 Data Pasien'!F505:F519,"Ambil Obat") | G61: =SUMIFS('📋 Data Pasien'!G505:G519,'📋 Data Pasien'!H505:H519,"Transfer Bank",'📋 Data Pasien'!F505:F519,"Ambil Obat") | H61: =SUMIF('📋 Data Pasien'!F505:F519,"Ambil Obat",'📋 Data Pasien'!G505:G519) | I61: =IF(E61=0,"",E61+H61)
A62: =IF(COUNTA('📋 Data Pasien'!C522:C536)=0,"— 28 May 2026 —","Kam 28 Mei 2026") | B62: =COUNTA('📋 Data Pasien'!C522:C536) | C62: =SUMIF('📋 Data Pasien'!E522:E536,"Cash",'📋 Data Pasien'!D522:D536) | D62: =SUMIF('📋 Data Pasien'!E522:E536,"Transfer Bank",'📋 Data Pasien'!D522:D536) | E62: =SUMIF('📋 Data Pasien'!C522:C536,"<>",'📋 Data Pasien'!D522:D536) | F62: =SUMIFS('📋 Data Pasien'!G522:G536,'📋 Data Pasien'!H522:H536,"Cash",'📋 Data Pasien'!F522:F536,"Ambil Obat") | G62: =SUMIFS('📋 Data Pasien'!G522:G536,'📋 Data Pasien'!H522:H536,"Transfer Bank",'📋 Data Pasien'!F522:F536,"Ambil Obat") | H62: =SUMIF('📋 Data Pasien'!F522:F536,"Ambil Obat",'📋 Data Pasien'!G522:G536) | I62: =IF(E62=0,"",E62+H62)
A63: =IF(COUNTA('📋 Data Pasien'!C539:C553)=0,"— 29 May 2026 —","Jum 29 Mei 2026") | B63: =COUNTA('📋 Data Pasien'!C539:C553) | C63: =SUMIF('📋 Data Pasien'!E539:E553,"Cash",'📋 Data Pasien'!D539:D553) | D63: =SUMIF('📋 Data Pasien'!E539:E553,"Transfer Bank",'📋 Data Pasien'!D539:D553) | E63: =SUMIF('📋 Data Pasien'!C539:C553,"<>",'📋 Data Pasien'!D539:D553) | F63: =SUMIFS('📋 Data Pasien'!G539:G553,'📋 Data Pasien'!H539:H553,"Cash",'📋 Data Pasien'!F539:F553,"Ambil Obat") | G63: =SUMIFS('📋 Data Pasien'!G539:G553,'📋 Data Pasien'!H539:H553,"Transfer Bank",'📋 Data Pasien'!F539:F553,"Ambil Obat") | H63: =SUMIF('📋 Data Pasien'!F539:F553,"Ambil Obat",'📋 Data Pasien'!G539:G553) | I63: =IF(E63=0,"",E63+H63)
A64: =IF(COUNTA('📋 Data Pasien'!C556:C570)=0,"— 30 May 2026 —","Sab 30 Mei 2026") | B64: =COUNTA('📋 Data Pasien'!C556:C570) | C64: =SUMIF('📋 Data Pasien'!E556:E570,"Cash",'📋 Data Pasien'!D556:D570) | D64: =SUMIF('📋 Data Pasien'!E556:E570,"Transfer Bank",'📋 Data Pasien'!D556:D570) | E64: =SUMIF('📋 Data Pasien'!C556:C570,"<>",'📋 Data Pasien'!D556:D570) | F64: =SUMIFS('📋 Data Pasien'!G556:G570,'📋 Data Pasien'!H556:H570,"Cash",'📋 Data Pasien'!F556:F570,"Ambil Obat") | G64: =SUMIFS('📋 Data Pasien'!G556:G570,'📋 Data Pasien'!H556:H570,"Transfer Bank",'📋 Data Pasien'!F556:F570,"Ambil Obat") | H64: =SUMIF('📋 Data Pasien'!F556:F570,"Ambil Obat",'📋 Data Pasien'!G556:G570) | I64: =IF(E64=0,"",E64+H64)
A65: =IF(COUNTA('📋 Data Pasien'!C573:C587)=0,"— 31 May 2026 —","Min 31 Mei 2026") | B65: =COUNTA('📋 Data Pasien'!C573:C587) | C65: =SUMIF('📋 Data Pasien'!E573:E587,"Cash",'📋 Data Pasien'!D573:D587) | D65: =SUMIF('📋 Data Pasien'!E573:E587,"Transfer Bank",'📋 Data Pasien'!D573:D587) | E65: =SUMIF('📋 Data Pasien'!C573:C587,"<>",'📋 Data Pasien'!D573:D587) | F65: =SUMIFS('📋 Data Pasien'!G573:G587,'📋 Data Pasien'!H573:H587,"Cash",'📋 Data Pasien'!F573:F587,"Ambil Obat") | G65: =SUMIFS('📋 Data Pasien'!G573:G587,'📋 Data Pasien'!H573:H587,"Transfer Bank",'📋 Data Pasien'!F573:F587,"Ambil Obat") | H65: =SUMIF('📋 Data Pasien'!F573:F587,"Ambil Obat",'📋 Data Pasien'!G573:G587) | I65: =IF(E65=0,"",E65+H65)
A66: =IF(COUNTA('📋 Data Pasien'!C590:C604)=0,"— 01 Jun 2026 —","Sen 01 Jun 2026") | B66: =COUNTA('📋 Data Pasien'!C590:C604) | C66: =SUMIF('📋 Data Pasien'!E590:E604,"Cash",'📋 Data Pasien'!D590:D604) | D66: =SUMIF('📋 Data Pasien'!E590:E604,"Transfer Bank",'📋 Data Pasien'!D590:D604) | E66: =SUMIF('📋 Data Pasien'!C590:C604,"<>",'📋 Data Pasien'!D590:D604) | F66: =SUMIFS('📋 Data Pasien'!G590:G604,'📋 Data Pasien'!H590:H604,"Cash",'📋 Data Pasien'!F590:F604,"Ambil Obat") | G66: =SUMIFS('📋 Data Pasien'!G590:G604,'📋 Data Pasien'!H590:H604,"Transfer Bank",'📋 Data Pasien'!F590:F604,"Ambil Obat") | H66: =SUMIF('📋 Data Pasien'!F590:F604,"Ambil Obat",'📋 Data Pasien'!G590:G604) | I66: =IF(E66=0,"",E66+H66)
A67: =IF(COUNTA('📋 Data Pasien'!C607:C621)=0,"— 02 Jun 2026 —","Sel 02 Jun 2026") | B67: =COUNTA('📋 Data Pasien'!C607:C621) | C67: =SUMIF('📋 Data Pasien'!E607:E621,"Cash",'📋 Data Pasien'!D607:D621) | D67: =SUMIF('📋 Data Pasien'!E607:E621,"Transfer Bank",'📋 Data Pasien'!D607:D621) | E67: =SUMIF('📋 Data Pasien'!C607:C621,"<>",'📋 Data Pasien'!D607:D621) | F67: =SUMIFS('📋 Data Pasien'!G607:G621,'📋 Data Pasien'!H607:H621,"Cash",'📋 Data Pasien'!F607:F621,"Ambil Obat") | G67: =SUMIFS('📋 Data Pasien'!G607:G621,'📋 Data Pasien'!H607:H621,"Transfer Bank",'📋 Data Pasien'!F607:F621,"Ambil Obat") | H67: =SUMIF('📋 Data Pasien'!F607:F621,"Ambil Obat",'📋 Data Pasien'!G607:G621) | I67: =IF(E67=0,"",E67+H67)
A68: =IF(COUNTA('📋 Data Pasien'!C624:C638)=0,"— 03 Jun 2026 —","Rab 03 Jun 2026") | B68: =COUNTA('📋 Data Pasien'!C624:C638) | C68: =SUMIF('📋 Data Pasien'!E624:E638,"Cash",'📋 Data Pasien'!D624:D638) | D68: =SUMIF('📋 Data Pasien'!E624:E638,"Transfer Bank",'📋 Data Pasien'!D624:D638) | E68: =SUMIF('📋 Data Pasien'!C624:C638,"<>",'📋 Data Pasien'!D624:D638) | F68: =SUMIFS('📋 Data Pasien'!G624:G638,'📋 Data Pasien'!H624:H638,"Cash",'📋 Data Pasien'!F624:F638,"Ambil Obat") | G68: =SUMIFS('📋 Data Pasien'!G624:G638,'📋 Data Pasien'!H624:H638,"Transfer Bank",'📋 Data Pasien'!F624:F638,"Ambil Obat") | H68: =SUMIF('📋 Data Pasien'!F624:F638,"Ambil Obat",'📋 Data Pasien'!G624:G638) | I68: =IF(E68=0,"",E68+H68)
A69: =IF(COUNTA('📋 Data Pasien'!C641:C655)=0,"— 04 Jun 2026 —","Kam 04 Jun 2026") | B69: =COUNTA('📋 Data Pasien'!C641:C655) | C69: =SUMIF('📋 Data Pasien'!E641:E655,"Cash",'📋 Data Pasien'!D641:D655) | D69: =SUMIF('📋 Data Pasien'!E641:E655,"Transfer Bank",'📋 Data Pasien'!D641:D655) | E69: =SUMIF('📋 Data Pasien'!C641:C655,"<>",'📋 Data Pasien'!D641:D655) | F69: =SUMIFS('📋 Data Pasien'!G641:G655,'📋 Data Pasien'!H641:H655,"Cash",'📋 Data Pasien'!F641:F655,"Ambil Obat") | G69: =SUMIFS('📋 Data Pasien'!G641:G655,'📋 Data Pasien'!H641:H655,"Transfer Bank",'📋 Data Pasien'!F641:F655,"Ambil Obat") | H69: =SUMIF('📋 Data Pasien'!F641:F655,"Ambil Obat",'📋 Data Pasien'!G641:G655) | I69: =IF(E69=0,"",E69+H69)
A70: =IF(COUNTA('📋 Data Pasien'!C658:C672)=0,"— 05 Jun 2026 —","Jum 05 Jun 2026") | B70: =COUNTA('📋 Data Pasien'!C658:C672) | C70: =SUMIF('📋 Data Pasien'!E658:E672,"Cash",'📋 Data Pasien'!D658:D672) | D70: =SUMIF('📋 Data Pasien'!E658:E672,"Transfer Bank",'📋 Data Pasien'!D658:D672) | E70: =SUMIF('📋 Data Pasien'!C658:C672,"<>",'📋 Data Pasien'!D658:D672) | F70: =SUMIFS('📋 Data Pasien'!G658:G672,'📋 Data Pasien'!H658:H672,"Cash",'📋 Data Pasien'!F658:F672,"Ambil Obat") | G70: =SUMIFS('📋 Data Pasien'!G658:G672,'📋 Data Pasien'!H658:H672,"Transfer Bank",'📋 Data Pasien'!F658:F672,"Ambil Obat") | H70: =SUMIF('📋 Data Pasien'!F658:F672,"Ambil Obat",'📋 Data Pasien'!G658:G672) | I70: =IF(E70=0,"",E70+H70)
A71: =IF(COUNTA('📋 Data Pasien'!C675:C689)=0,"— 06 Jun 2026 —","Sab 06 Jun 2026") | B71: =COUNTA('📋 Data Pasien'!C675:C689) | C71: =SUMIF('📋 Data Pasien'!E675:E689,"Cash",'📋 Data Pasien'!D675:D689) | D71: =SUMIF('📋 Data Pasien'!E675:E689,"Transfer Bank",'📋 Data Pasien'!D675:D689) | E71: =SUMIF('📋 Data Pasien'!C675:C689,"<>",'📋 Data Pasien'!D675:D689) | F71: =SUMIFS('📋 Data Pasien'!G675:G689,'📋 Data Pasien'!H675:H689,"Cash",'📋 Data Pasien'!F675:F689,"Ambil Obat") | G71: =SUMIFS('📋 Data Pasien'!G675:G689,'📋 Data Pasien'!H675:H689,"Transfer Bank",'📋 Data Pasien'!F675:F689,"Ambil Obat") | H71: =SUMIF('📋 Data Pasien'!F675:F689,"Ambil Obat",'📋 Data Pasien'!G675:G689) | I71: =IF(E71=0,"",E71+H71)
A72: =IF(COUNTA('📋 Data Pasien'!C692:C706)=0,"— 07 Jun 2026 —","Min 07 Jun 2026") | B72: =COUNTA('📋 Data Pasien'!C692:C706) | C72: =SUMIF('📋 Data Pasien'!E692:E706,"Cash",'📋 Data Pasien'!D692:D706) | D72: =SUMIF('📋 Data Pasien'!E692:E706,"Transfer Bank",'📋 Data Pasien'!D692:D706) | E72: =SUMIF('📋 Data Pasien'!C692:C706,"<>",'📋 Data Pasien'!D692:D706) | F72: =SUMIFS('📋 Data Pasien'!G692:G706,'📋 Data Pasien'!H692:H706,"Cash",'📋 Data Pasien'!F692:F706,"Ambil Obat") | G72: =SUMIFS('📋 Data Pasien'!G692:G706,'📋 Data Pasien'!H692:H706,"Transfer Bank",'📋 Data Pasien'!F692:F706,"Ambil Obat") | H72: =SUMIF('📋 Data Pasien'!F692:F706,"Ambil Obat",'📋 Data Pasien'!G692:G706) | I72: =IF(E72=0,"",E72+H72)
A73: =IF(COUNTA('📋 Data Pasien'!C709:C723)=0,"— 08 Jun 2026 —","Sen 08 Jun 2026") | B73: =COUNTA('📋 Data Pasien'!C709:C723) | C73: =SUMIF('📋 Data Pasien'!E709:E723,"Cash",'📋 Data Pasien'!D709:D723) | D73: =SUMIF('📋 Data Pasien'!E709:E723,"Transfer Bank",'📋 Data Pasien'!D709:D723) | E73: =SUMIF('📋 Data Pasien'!C709:C723,"<>",'📋 Data Pasien'!D709:D723) | F73: =SUMIFS('📋 Data Pasien'!G709:G723,'📋 Data Pasien'!H709:H723,"Cash",'📋 Data Pasien'!F709:F723,"Ambil Obat") | G73: =SUMIFS('📋 Data Pasien'!G709:G723,'📋 Data Pasien'!H709:H723,"Transfer Bank",'📋 Data Pasien'!F709:F723,"Ambil Obat") | H73: =SUMIF('📋 Data Pasien'!F709:F723,"Ambil Obat",'📋 Data Pasien'!G709:G723) | I73: =IF(E73=0,"",E73+H73)
A74: =IF(COUNTA('📋 Data Pasien'!C726:C740)=0,"— 09 Jun 2026 —","Sel 09 Jun 2026") | B74: =COUNTA('📋 Data Pasien'!C726:C740) | C74: =SUMIF('📋 Data Pasien'!E726:E740,"Cash",'📋 Data Pasien'!D726:D740) | D74: =SUMIF('📋 Data Pasien'!E726:E740,"Transfer Bank",'📋 Data Pasien'!D726:D740) | E74: =SUMIF('📋 Data Pasien'!C726:C740,"<>",'📋 Data Pasien'!D726:D740) | F74: =SUMIFS('📋 Data Pasien'!G726:G740,'📋 Data Pasien'!H726:H740,"Cash",'📋 Data Pasien'!F726:F740,"Ambil Obat") | G74: =SUMIFS('📋 Data Pasien'!G726:G740,'📋 Data Pasien'!H726:H740,"Transfer Bank",'📋 Data Pasien'!F726:F740,"Ambil Obat") | H74: =SUMIF('📋 Data Pasien'!F726:F740,"Ambil Obat",'📋 Data Pasien'!G726:G740) | I74: =IF(E74=0,"",E74+H74)
A75: =IF(COUNTA('📋 Data Pasien'!C743:C757)=0,"— 10 Jun 2026 —","Rab 10 Jun 2026") | B75: =COUNTA('📋 Data Pasien'!C743:C757) | C75: =SUMIF('📋 Data Pasien'!E743:E757,"Cash",'📋 Data Pasien'!D743:D757) | D75: =SUMIF('📋 Data Pasien'!E743:E757,"Transfer Bank",'📋 Data Pasien'!D743:D757) | E75: =SUMIF('📋 Data Pasien'!C743:C757,"<>",'📋 Data Pasien'!D743:D757) | F75: =SUMIFS('📋 Data Pasien'!G743:G757,'📋 Data Pasien'!H743:H757,"Cash",'📋 Data Pasien'!F743:F757,"Ambil Obat") | G75: =SUMIFS('📋 Data Pasien'!G743:G757,'📋 Data Pasien'!H743:H757,"Transfer Bank",'📋 Data Pasien'!F743:F757,"Ambil Obat") | H75: =SUMIF('📋 Data Pasien'!F743:F757,"Ambil Obat",'📋 Data Pasien'!G743:G757) | I75: =IF(E75=0,"",E75+H75)
A76: =IF(COUNTA('📋 Data Pasien'!C760:C774)=0,"— 11 Jun 2026 —","Kam 11 Jun 2026") | B76: =COUNTA('📋 Data Pasien'!C760:C774) | C76: =SUMIF('📋 Data Pasien'!E760:E774,"Cash",'📋 Data Pasien'!D760:D774) | D76: =SUMIF('📋 Data Pasien'!E760:E774,"Transfer Bank",'📋 Data Pasien'!D760:D774) | E76: =SUMIF('📋 Data Pasien'!C760:C774,"<>",'📋 Data Pasien'!D760:D774) | F76: =SUMIFS('📋 Data Pasien'!G760:G774,'📋 Data Pasien'!H760:H774,"Cash",'📋 Data Pasien'!F760:F774,"Ambil Obat") | G76: =SUMIFS('📋 Data Pasien'!G760:G774,'📋 Data Pasien'!H760:H774,"Transfer Bank",'📋 Data Pasien'!F760:F774,"Ambil Obat") | H76: =SUMIF('📋 Data Pasien'!F760:F774,"Ambil Obat",'📋 Data Pasien'!G760:G774) | I76: =IF(E76=0,"",E76+H76)
A77: =IF(COUNTA('📋 Data Pasien'!C777:C791)=0,"— 12 Jun 2026 —","Jum 12 Jun 2026") | B77: =COUNTA('📋 Data Pasien'!C777:C791) | C77: =SUMIF('📋 Data Pasien'!E777:E791,"Cash",'📋 Data Pasien'!D777:D791) | D77: =SUMIF('📋 Data Pasien'!E777:E791,"Transfer Bank",'📋 Data Pasien'!D777:D791) | E77: =SUMIF('📋 Data Pasien'!C777:C791,"<>",'📋 Data Pasien'!D777:D791) | F77: =SUMIFS('📋 Data Pasien'!G777:G791,'📋 Data Pasien'!H777:H791,"Cash",'📋 Data Pasien'!F777:F791,"Ambil Obat") | G77: =SUMIFS('📋 Data Pasien'!G777:G791,'📋 Data Pasien'!H777:H791,"Transfer Bank",'📋 Data Pasien'!F777:F791,"Ambil Obat") | H77: =SUMIF('📋 Data Pasien'!F777:F791,"Ambil Obat",'📋 Data Pasien'!G777:G791) | I77: =IF(E77=0,"",E77+H77)
A78: =IF(COUNTA('📋 Data Pasien'!C794:C808)=0,"— 13 Jun 2026 —","Sab 13 Jun 2026") | B78: =COUNTA('📋 Data Pasien'!C794:C808) | C78: =SUMIF('📋 Data Pasien'!E794:E808,"Cash",'📋 Data Pasien'!D794:D808) | D78: =SUMIF('📋 Data Pasien'!E794:E808,"Transfer Bank",'📋 Data Pasien'!D794:D808) | E78: =SUMIF('📋 Data Pasien'!C794:C808,"<>",'📋 Data Pasien'!D794:D808) | F78: =SUMIFS('📋 Data Pasien'!G794:G808,'📋 Data Pasien'!H794:H808,"Cash",'📋 Data Pasien'!F794:F808,"Ambil Obat") | G78: =SUMIFS('📋 Data Pasien'!G794:G808,'📋 Data Pasien'!H794:H808,"Transfer Bank",'📋 Data Pasien'!F794:F808,"Ambil Obat") | H78: =SUMIF('📋 Data Pasien'!F794:F808,"Ambil Obat",'📋 Data Pasien'!G794:G808) | I78: =IF(E78=0,"",E78+H78)
A79: =IF(COUNTA('📋 Data Pasien'!C811:C825)=0,"— 14 Jun 2026 —","Min 14 Jun 2026") | B79: =COUNTA('📋 Data Pasien'!C811:C825) | C79: =SUMIF('📋 Data Pasien'!E811:E825,"Cash",'📋 Data Pasien'!D811:D825) | D79: =SUMIF('📋 Data Pasien'!E811:E825,"Transfer Bank",'📋 Data Pasien'!D811:D825) | E79: =SUMIF('📋 Data Pasien'!C811:C825,"<>",'📋 Data Pasien'!D811:D825) | F79: =SUMIFS('📋 Data Pasien'!G811:G825,'📋 Data Pasien'!H811:H825,"Cash",'📋 Data Pasien'!F811:F825,"Ambil Obat") | G79: =SUMIFS('📋 Data Pasien'!G811:G825,'📋 Data Pasien'!H811:H825,"Transfer Bank",'📋 Data Pasien'!F811:F825,"Ambil Obat") | H79: =SUMIF('📋 Data Pasien'!F811:F825,"Ambil Obat",'📋 Data Pasien'!G811:G825) | I79: =IF(E79=0,"",E79+H79)
A80: =IF(COUNTA('📋 Data Pasien'!C828:C842)=0,"— 15 Jun 2026 —","Sen 15 Jun 2026") | B80: =COUNTA('📋 Data Pasien'!C828:C842) | C80: =SUMIF('📋 Data Pasien'!E828:E842,"Cash",'📋 Data Pasien'!D828:D842) | D80: =SUMIF('📋 Data Pasien'!E828:E842,"Transfer Bank",'📋 Data Pasien'!D828:D842) | E80: =SUMIF('📋 Data Pasien'!C828:C842,"<>",'📋 Data Pasien'!D828:D842) | F80: =SUMIFS('📋 Data Pasien'!G828:G842,'📋 Data Pasien'!H828:H842,"Cash",'📋 Data Pasien'!F828:F842,"Ambil Obat") | G80: =SUMIFS('📋 Data Pasien'!G828:G842,'📋 Data Pasien'!H828:H842,"Transfer Bank",'📋 Data Pasien'!F828:F842,"Ambil Obat") | H80: =SUMIF('📋 Data Pasien'!F828:F842,"Ambil Obat",'📋 Data Pasien'!G828:G842) | I80: =IF(E80=0,"",E80+H80)
A81: =IF(COUNTA('📋 Data Pasien'!C845:C859)=0,"— 16 Jun 2026 —","Sel 16 Jun 2026") | B81: =COUNTA('📋 Data Pasien'!C845:C859) | C81: =SUMIF('📋 Data Pasien'!E845:E859,"Cash",'📋 Data Pasien'!D845:D859) | D81: =SUMIF('📋 Data Pasien'!E845:E859,"Transfer Bank",'📋 Data Pasien'!D845:D859) | E81: =SUMIF('📋 Data Pasien'!C845:C859,"<>",'📋 Data Pasien'!D845:D859) | F81: =SUMIFS('📋 Data Pasien'!G845:G859,'📋 Data Pasien'!H845:H859,"Cash",'📋 Data Pasien'!F845:F859,"Ambil Obat") | G81: =SUMIFS('📋 Data Pasien'!G845:G859,'📋 Data Pasien'!H845:H859,"Transfer Bank",'📋 Data Pasien'!F845:F859,"Ambil Obat") | H81: =SUMIF('📋 Data Pasien'!F845:F859,"Ambil Obat",'📋 Data Pasien'!G845:G859) | I81: =IF(E81=0,"",E81+H81)
A82: =IF(COUNTA('📋 Data Pasien'!C862:C876)=0,"— 17 Jun 2026 —","Rab 17 Jun 2026") | B82: =COUNTA('📋 Data Pasien'!C862:C876) | C82: =SUMIF('📋 Data Pasien'!E862:E876,"Cash",'📋 Data Pasien'!D862:D876) | D82: =SUMIF('📋 Data Pasien'!E862:E876,"Transfer Bank",'📋 Data Pasien'!D862:D876) | E82: =SUMIF('📋 Data Pasien'!C862:C876,"<>",'📋 Data Pasien'!D862:D876) | F82: =SUMIFS('📋 Data Pasien'!G862:G876,'📋 Data Pasien'!H862:H876,"Cash",'📋 Data Pasien'!F862:F876,"Ambil Obat") | G82: =SUMIFS('📋 Data Pasien'!G862:G876,'📋 Data Pasien'!H862:H876,"Transfer Bank",'📋 Data Pasien'!F862:F876,"Ambil Obat") | H82: =SUMIF('📋 Data Pasien'!F862:F876,"Ambil Obat",'📋 Data Pasien'!G862:G876) | I82: =IF(E82=0,"",E82+H82)
A83: =IF(COUNTA('📋 Data Pasien'!C879:C893)=0,"— 18 Jun 2026 —","Kam 18 Jun 2026") | B83: =COUNTA('📋 Data Pasien'!C879:C893) | C83: =SUMIF('📋 Data Pasien'!E879:E893,"Cash",'📋 Data Pasien'!D879:D893) | D83: =SUMIF('📋 Data Pasien'!E879:E893,"Transfer Bank",'📋 Data Pasien'!D879:D893) | E83: =SUMIF('📋 Data Pasien'!C879:C893,"<>",'📋 Data Pasien'!D879:D893) | F83: =SUMIFS('📋 Data Pasien'!G879:G893,'📋 Data Pasien'!H879:H893,"Cash",'📋 Data Pasien'!F879:F893,"Ambil Obat") | G83: =SUMIFS('📋 Data Pasien'!G879:G893,'📋 Data Pasien'!H879:H893,"Transfer Bank",'📋 Data Pasien'!F879:F893,"Ambil Obat") | H83: =SUMIF('📋 Data Pasien'!F879:F893,"Ambil Obat",'📋 Data Pasien'!G879:G893) | I83: =IF(E83=0,"",E83+H83)
A84: =IF(COUNTA('📋 Data Pasien'!C896:C910)=0,"— 19 Jun 2026 —","Jum 19 Jun 2026") | B84: =COUNTA('📋 Data Pasien'!C896:C910) | C84: =SUMIF('📋 Data Pasien'!E896:E910,"Cash",'📋 Data Pasien'!D896:D910) | D84: =SUMIF('📋 Data Pasien'!E896:E910,"Transfer Bank",'📋 Data Pasien'!D896:D910) | E84: =SUMIF('📋 Data Pasien'!C896:C910,"<>",'📋 Data Pasien'!D896:D910) | F84: =SUMIFS('📋 Data Pasien'!G896:G910,'📋 Data Pasien'!H896:H910,"Cash",'📋 Data Pasien'!F896:F910,"Ambil Obat") | G84: =SUMIFS('📋 Data Pasien'!G896:G910,'📋 Data Pasien'!H896:H910,"Transfer Bank",'📋 Data Pasien'!F896:F910,"Ambil Obat") | H84: =SUMIF('📋 Data Pasien'!F896:F910,"Ambil Obat",'📋 Data Pasien'!G896:G910) | I84: =IF(E84=0,"",E84+H84)
A85: =IF(COUNTA('📋 Data Pasien'!C913:C927)=0,"— 20 Jun 2026 —","Sab 20 Jun 2026") | B85: =COUNTA('📋 Data Pasien'!C913:C927) | C85: =SUMIF('📋 Data Pasien'!E913:E927,"Cash",'📋 Data Pasien'!D913:D927) | D85: =SUMIF('📋 Data Pasien'!E913:E927,"Transfer Bank",'📋 Data Pasien'!D913:D927) | E85: =SUMIF('📋 Data Pasien'!C913:C927,"<>",'📋 Data Pasien'!D913:D927) | F85: =SUMIFS('📋 Data Pasien'!G913:G927,'📋 Data Pasien'!H913:H927,"Cash",'📋 Data Pasien'!F913:F927,"Ambil Obat") | G85: =SUMIFS('📋 Data Pasien'!G913:G927,'📋 Data Pasien'!H913:H927,"Transfer Bank",'📋 Data Pasien'!F913:F927,"Ambil Obat") | H85: =SUMIF('📋 Data Pasien'!F913:F927,"Ambil Obat",'📋 Data Pasien'!G913:G927) | I85: =IF(E85=0,"",E85+H85)
A86: =IF(COUNTA('📋 Data Pasien'!C930:C944)=0,"— 21 Jun 2026 —","Min 21 Jun 2026") | B86: =COUNTA('📋 Data Pasien'!C930:C944) | C86: =SUMIF('📋 Data Pasien'!E930:E944,"Cash",'📋 Data Pasien'!D930:D944) | D86: =SUMIF('📋 Data Pasien'!E930:E944,"Transfer Bank",'📋 Data Pasien'!D930:D944) | E86: =SUMIF('📋 Data Pasien'!C930:C944,"<>",'📋 Data Pasien'!D930:D944) | F86: =SUMIFS('📋 Data Pasien'!G930:G944,'📋 Data Pasien'!H930:H944,"Cash",'📋 Data Pasien'!F930:F944,"Ambil Obat") | G86: =SUMIFS('📋 Data Pasien'!G930:G944,'📋 Data Pasien'!H930:H944,"Transfer Bank",'📋 Data Pasien'!F930:F944,"Ambil Obat") | H86: =SUMIF('📋 Data Pasien'!F930:F944,"Ambil Obat",'📋 Data Pasien'!G930:G944) | I86: =IF(E86=0,"",E86+H86)
A87: =IF(COUNTA('📋 Data Pasien'!C947:C961)=0,"— 22 Jun 2026 —","Sen 22 Jun 2026") | B87: =COUNTA('📋 Data Pasien'!C947:C961) | C87: =SUMIF('📋 Data Pasien'!E947:E961,"Cash",'📋 Data Pasien'!D947:D961) | D87: =SUMIF('📋 Data Pasien'!E947:E961,"Transfer Bank",'📋 Data Pasien'!D947:D961) | E87: =SUMIF('📋 Data Pasien'!C947:C961,"<>",'📋 Data Pasien'!D947:D961) | F87: =SUMIFS('📋 Data Pasien'!G947:G961,'📋 Data Pasien'!H947:H961,"Cash",'📋 Data Pasien'!F947:F961,"Ambil Obat") | G87: =SUMIFS('📋 Data Pasien'!G947:G961,'📋 Data Pasien'!H947:H961,"Transfer Bank",'📋 Data Pasien'!F947:F961,"Ambil Obat") | H87: =SUMIF('📋 Data Pasien'!F947:F961,"Ambil Obat",'📋 Data Pasien'!G947:G961) | I87: =IF(E87=0,"",E87+H87)
A88: =IF(COUNTA('📋 Data Pasien'!C964:C978)=0,"— 23 Jun 2026 —","Sel 23 Jun 2026") | B88: =COUNTA('📋 Data Pasien'!C964:C978) | C88: =SUMIF('📋 Data Pasien'!E964:E978,"Cash",'📋 Data Pasien'!D964:D978) | D88: =SUMIF('📋 Data Pasien'!E964:E978,"Transfer Bank",'📋 Data Pasien'!D964:D978) | E88: =SUMIF('📋 Data Pasien'!C964:C978,"<>",'📋 Data Pasien'!D964:D978) | F88: =SUMIFS('📋 Data Pasien'!G964:G978,'📋 Data Pasien'!H964:H978,"Cash",'📋 Data Pasien'!F964:F978,"Ambil Obat") | G88: =SUMIFS('📋 Data Pasien'!G964:G978,'📋 Data Pasien'!H964:H978,"Transfer Bank",'📋 Data Pasien'!F964:F978,"Ambil Obat") | H88: =SUMIF('📋 Data Pasien'!F964:F978,"Ambil Obat",'📋 Data Pasien'!G964:G978) | I88: =IF(E88=0,"",E88+H88)
A89: =IF(COUNTA('📋 Data Pasien'!C981:C995)=0,"— 24 Jun 2026 —","Rab 24 Jun 2026") | B89: =COUNTA('📋 Data Pasien'!C981:C995) | C89: =SUMIF('📋 Data Pasien'!E981:E995,"Cash",'📋 Data Pasien'!D981:D995) | D89: =SUMIF('📋 Data Pasien'!E981:E995,"Transfer Bank",'📋 Data Pasien'!D981:D995) | E89: =SUMIF('📋 Data Pasien'!C981:C995,"<>",'📋 Data Pasien'!D981:D995) | F89: =SUMIFS('📋 Data Pasien'!G981:G995,'📋 Data Pasien'!H981:H995,"Cash",'📋 Data Pasien'!F981:F995,"Ambil Obat") | G89: =SUMIFS('📋 Data Pasien'!G981:G995,'📋 Data Pasien'!H981:H995,"Transfer Bank",'📋 Data Pasien'!F981:F995,"Ambil Obat") | H89: =SUMIF('📋 Data Pasien'!F981:F995,"Ambil Obat",'📋 Data Pasien'!G981:G995) | I89: =IF(E89=0,"",E89+H89)
A90: =IF(COUNTA('📋 Data Pasien'!C998:C1012)=0,"— 25 Jun 2026 —","Kam 25 Jun 2026") | B90: =COUNTA('📋 Data Pasien'!C998:C1012) | C90: =SUMIF('📋 Data Pasien'!E998:E1012,"Cash",'📋 Data Pasien'!D998:D1012) | D90: =SUMIF('📋 Data Pasien'!E998:E1012,"Transfer Bank",'📋 Data Pasien'!D998:D1012) | E90: =SUMIF('📋 Data Pasien'!C998:C1012,"<>",'📋 Data Pasien'!D998:D1012) | F90: =SUMIFS('📋 Data Pasien'!G998:G1012,'📋 Data Pasien'!H998:H1012,"Cash",'📋 Data Pasien'!F998:F1012,"Ambil Obat") | G90: =SUMIFS('📋 Data Pasien'!G998:G1012,'📋 Data Pasien'!H998:H1012,"Transfer Bank",'📋 Data Pasien'!F998:F1012,"Ambil Obat") | H90: =SUMIF('📋 Data Pasien'!F998:F1012,"Ambil Obat",'📋 Data Pasien'!G998:G1012) | I90: =IF(E90=0,"",E90+H90)
A91: =IF(COUNTA('📋 Data Pasien'!C1015:C1029)=0,"— 26 Jun 2026 —","Jum 26 Jun 2026") | B91: =COUNTA('📋 Data Pasien'!C1015:C1029) | C91: =SUMIF('📋 Data Pasien'!E1015:E1029,"Cash",'📋 Data Pasien'!D1015:D1029) | D91: =SUMIF('📋 Data Pasien'!E1015:E1029,"Transfer Bank",'📋 Data Pasien'!D1015:D1029) | E91: =SUMIF('📋 Data Pasien'!C1015:C1029,"<>",'📋 Data Pasien'!D1015:D1029) | F91: =SUMIFS('📋 Data Pasien'!G1015:G1029,'📋 Data Pasien'!H1015:H1029,"Cash",'📋 Data Pasien'!F1015:F1029,"Ambil Obat") | G91: =SUMIFS('📋 Data Pasien'!G1015:G1029,'📋 Data Pasien'!H1015:H1029,"Transfer Bank",'📋 Data Pasien'!F1015:F1029,"Ambil Obat") | H91: =SUMIF('📋 Data Pasien'!F1015:F1029,"Ambil Obat",'📋 Data Pasien'!G1015:G1029) | I91: =IF(E91=0,"",E91+H91)
A92: =IF(COUNTA('📋 Data Pasien'!C1032:C1046)=0,"— 27 Jun 2026 —","Sab 27 Jun 2026") | B92: =COUNTA('📋 Data Pasien'!C1032:C1046) | C92: =SUMIF('📋 Data Pasien'!E1032:E1046,"Cash",'📋 Data Pasien'!D1032:D1046) | D92: =SUMIF('📋 Data Pasien'!E1032:E1046,"Transfer Bank",'📋 Data Pasien'!D1032:D1046) | E92: =SUMIF('📋 Data Pasien'!C1032:C1046,"<>",'📋 Data Pasien'!D1032:D1046) | F92: =SUMIFS('📋 Data Pasien'!G1032:G1046,'📋 Data Pasien'!H1032:H1046,"Cash",'📋 Data Pasien'!F1032:F1046,"Ambil Obat") | G92: =SUMIFS('📋 Data Pasien'!G1032:G1046,'📋 Data Pasien'!H1032:H1046,"Transfer Bank",'📋 Data Pasien'!F1032:F1046,"Ambil Obat") | H92: =SUMIF('📋 Data Pasien'!F1032:F1046,"Ambil Obat",'📋 Data Pasien'!G1032:G1046) | I92: =IF(E92=0,"",E92+H92)
A93: =IF(COUNTA('📋 Data Pasien'!C1049:C1063)=0,"— 28 Jun 2026 —","Min 28 Jun 2026") | B93: =COUNTA('📋 Data Pasien'!C1049:C1063) | C93: =SUMIF('📋 Data Pasien'!E1049:E1063,"Cash",'📋 Data Pasien'!D1049:D1063) | D93: =SUMIF('📋 Data Pasien'!E1049:E1063,"Transfer Bank",'📋 Data Pasien'!D1049:D1063) | E93: =SUMIF('📋 Data Pasien'!C1049:C1063,"<>",'📋 Data Pasien'!D1049:D1063) | F93: =SUMIFS('📋 Data Pasien'!G1049:G1063,'📋 Data Pasien'!H1049:H1063,"Cash",'📋 Data Pasien'!F1049:F1063,"Ambil Obat") | G93: =SUMIFS('📋 Data Pasien'!G1049:G1063,'📋 Data Pasien'!H1049:H1063,"Transfer Bank",'📋 Data Pasien'!F1049:F1063,"Ambil Obat") | H93: =SUMIF('📋 Data Pasien'!F1049:F1063,"Ambil Obat",'📋 Data Pasien'!G1049:G1063) | I93: =IF(E93=0,"",E93+H93)
A94: =IF(COUNTA('📋 Data Pasien'!C1066:C1080)=0,"— 29 Jun 2026 —","Sen 29 Jun 2026") | B94: =COUNTA('📋 Data Pasien'!C1066:C1080) | C94: =SUMIF('📋 Data Pasien'!E1066:E1080,"Cash",'📋 Data Pasien'!D1066:D1080) | D94: =SUMIF('📋 Data Pasien'!E1066:E1080,"Transfer Bank",'📋 Data Pasien'!D1066:D1080) | E94: =SUMIF('📋 Data Pasien'!C1066:C1080,"<>",'📋 Data Pasien'!D1066:D1080) | F94: =SUMIFS('📋 Data Pasien'!G1066:G1080,'📋 Data Pasien'!H1066:H1080,"Cash",'📋 Data Pasien'!F1066:F1080,"Ambil Obat") | G94: =SUMIFS('📋 Data Pasien'!G1066:G1080,'📋 Data Pasien'!H1066:H1080,"Transfer Bank",'📋 Data Pasien'!F1066:F1080,"Ambil Obat") | H94: =SUMIF('📋 Data Pasien'!F1066:F1080,"Ambil Obat",'📋 Data Pasien'!G1066:G1080) | I94: =IF(E94=0,"",E94+H94)
A95: =IF(COUNTA('📋 Data Pasien'!C1083:C1097)=0,"— 30 Jun 2026 —","Sel 30 Jun 2026") | B95: =COUNTA('📋 Data Pasien'!C1083:C1097) | C95: =SUMIF('📋 Data Pasien'!E1083:E1097,"Cash",'📋 Data Pasien'!D1083:D1097) | D95: =SUMIF('📋 Data Pasien'!E1083:E1097,"Transfer Bank",'📋 Data Pasien'!D1083:D1097) | E95: =SUMIF('📋 Data Pasien'!C1083:C1097,"<>",'📋 Data Pasien'!D1083:D1097) | F95: =SUMIFS('📋 Data Pasien'!G1083:G1097,'📋 Data Pasien'!H1083:H1097,"Cash",'📋 Data Pasien'!F1083:F1097,"Ambil Obat") | G95: =SUMIFS('📋 Data Pasien'!G1083:G1097,'📋 Data Pasien'!H1083:H1097,"Transfer Bank",'📋 Data Pasien'!F1083:F1097,"Ambil Obat") | H95: =SUMIF('📋 Data Pasien'!F1083:F1097,"Ambil Obat",'📋 Data Pasien'!G1083:G1097) | I95: =IF(E95=0,"",E95+H95)
A96: TOTAL | C96: =SUM(C5:C95) | D96: =SUM(D5:D95) | E96: =SUM(E5:E95) | F96: =SUM(F5:F95) | G96: =SUM(G5:G95) | H96: =SUM(H5:H95) | I96: =SUM(I5:I95)

Sheet 📆 Laporan Mingguan
A1: 📆 LAPORAN MINGGUAN
A2: Rekap mingguan — April s/d Juni 2026 · Data otomatis dari sheet Data Pasien
A4: Periode | B4: Jml Pasien | C4: Dokter Cash (Rp) | D4: Dokter Transfer (Rp) | E4: Total Dokter (Rp) | F4: Obat Cash (Ambil, Rp) | G4: Obat Transfer (Ambil, Rp) | H4: Total Obat (Ambil, Rp) | I4: Grand Total (Rp)
A5: 01 Apr – 05 Apr 2026 | B5: =COUNTA('📋 Data Pasien'!C7:C50) | C5: =SUMIF('📋 Data Pasien'!E7:E50,"Cash",'📋 Data Pasien'!D7:D50) | D5: =SUMIF('📋 Data Pasien'!E7:E50,"Transfer Bank",'📋 Data Pasien'!D7:D50) | E5: =SUMIF('📋 Data Pasien'!C7:C50,"<>",'📋 Data Pasien'!D7:D50) | F5: =SUMIFS('📋 Data Pasien'!G7:G50,'📋 Data Pasien'!H7:H50,"Cash",'📋 Data Pasien'!F7:F50,"Ambil Obat") | G5: =SUMIFS('📋 Data Pasien'!G7:G50,'📋 Data Pasien'!H7:H50,"Transfer Bank",'📋 Data Pasien'!F7:F50,"Ambil Obat") | H5: =SUMIF('📋 Data Pasien'!F7:F50,"Ambil Obat",'📋 Data Pasien'!G7:G50) | I5: =IF(E5=0,"",E5+H5)
A6: 06 Apr – 12 Apr 2026 | B6: =COUNTA('📋 Data Pasien'!C53:C71) | C6: =SUMIF('📋 Data Pasien'!E53:E71,"Cash",'📋 Data Pasien'!D53:D71) | D6: =SUMIF('📋 Data Pasien'!E53:E71,"Transfer Bank",'📋 Data Pasien'!D53:D71) | E6: =SUMIF('📋 Data Pasien'!C53:C71,"<>",'📋 Data Pasien'!D53:D71) | F6: =SUMIFS('📋 Data Pasien'!G53:G71,'📋 Data Pasien'!H53:H71,"Cash",'📋 Data Pasien'!F53:F71,"Ambil Obat") | G6: =SUMIFS('📋 Data Pasien'!G53:G71,'📋 Data Pasien'!H53:H71,"Transfer Bank",'📋 Data Pasien'!F53:F71,"Ambil Obat") | H6: =SUMIF('📋 Data Pasien'!F53:F71,"Ambil Obat",'📋 Data Pasien'!G53:G71) | I6: =IF(E6=0,"",E6+H6)
A7: 13 Apr – 19 Apr 2026 | B7: =COUNTA('📋 Data Pasien'!C74:C92) | C7: =SUMIF('📋 Data Pasien'!E74:E92,"Cash",'📋 Data Pasien'!D74:D92) | D7: =SUMIF('📋 Data Pasien'!E74:E92,"Transfer Bank",'📋 Data Pasien'!D74:D92) | E7: =SUMIF('📋 Data Pasien'!C74:C92,"<>",'📋 Data Pasien'!D74:D92) | F7: =SUMIFS('📋 Data Pasien'!G74:G92,'📋 Data Pasien'!H74:H92,"Cash",'📋 Data Pasien'!F74:F92,"Ambil Obat") | G7: =SUMIFS('📋 Data Pasien'!G74:G92,'📋 Data Pasien'!H74:H92,"Transfer Bank",'📋 Data Pasien'!F74:F92,"Ambil Obat") | H7: =SUMIF('📋 Data Pasien'!F74:F92,"Ambil Obat",'📋 Data Pasien'!G74:G92) | I7: =IF(E7=0,"",E7+H7)
A8: 20 Apr – 26 Apr 2026 | B8: =COUNTA('📋 Data Pasien'!C95:C113) | C8: =SUMIF('📋 Data Pasien'!E95:E113,"Cash",'📋 Data Pasien'!D95:D113) | D8: =SUMIF('📋 Data Pasien'!E95:E113,"Transfer Bank",'📋 Data Pasien'!D95:D113) | E8: =SUMIF('📋 Data Pasien'!C95:C113,"<>",'📋 Data Pasien'!D95:D113) | F8: =SUMIFS('📋 Data Pasien'!G95:G113,'📋 Data Pasien'!H95:H113,"Cash",'📋 Data Pasien'!F95:F113,"Ambil Obat") | G8: =SUMIFS('📋 Data Pasien'!G95:G113,'📋 Data Pasien'!H95:H113,"Transfer Bank",'📋 Data Pasien'!F95:F113,"Ambil Obat") | H8: =SUMIF('📋 Data Pasien'!F95:F113,"Ambil Obat",'📋 Data Pasien'!G95:G113) | I8: =IF(E8=0,"",E8+H8)
A9: 27 Apr – 03 May 2026 | B9: =COUNTA('📋 Data Pasien'!C116:C150) | C9: =SUMIF('📋 Data Pasien'!E116:E150,"Cash",'📋 Data Pasien'!D116:D150) | D9: =SUMIF('📋 Data Pasien'!E116:E150,"Transfer Bank",'📋 Data Pasien'!D116:D150) | E9: =SUMIF('📋 Data Pasien'!C116:C150,"<>",'📋 Data Pasien'!D116:D150) | F9: =SUMIFS('📋 Data Pasien'!G116:G150,'📋 Data Pasien'!H116:H150,"Cash",'📋 Data Pasien'!F116:F150,"Ambil Obat") | G9: =SUMIFS('📋 Data Pasien'!G116:G150,'📋 Data Pasien'!H116:H150,"Transfer Bank",'📋 Data Pasien'!F116:F150,"Ambil Obat") | H9: =SUMIF('📋 Data Pasien'!F116:F150,"Ambil Obat",'📋 Data Pasien'!G116:G150) | I9: =IF(E9=0,"",E9+H9)
A10: 04 May – 10 May 2026 | B10: =COUNTA('📋 Data Pasien'!C153:C254) | C10: =SUMIF('📋 Data Pasien'!E153:E254,"Cash",'📋 Data Pasien'!D153:D254) | D10: =SUMIF('📋 Data Pasien'!E153:E254,"Transfer Bank",'📋 Data Pasien'!D153:D254) | E10: =SUMIF('📋 Data Pasien'!C153:C254,"<>",'📋 Data Pasien'!D153:D254) | F10: =SUMIFS('📋 Data Pasien'!G153:G254,'📋 Data Pasien'!H153:H254,"Cash",'📋 Data Pasien'!F153:F254,"Ambil Obat") | G10: =SUMIFS('📋 Data Pasien'!G153:G254,'📋 Data Pasien'!H153:H254,"Transfer Bank",'📋 Data Pasien'!F153:F254,"Ambil Obat") | H10: =SUMIF('📋 Data Pasien'!F153:F254,"Ambil Obat",'📋 Data Pasien'!G153:G254) | I10: =IF(E10=0,"",E10+H10)
A11: 11 May – 17 May 2026 | B11: =COUNTA('📋 Data Pasien'!C257:C349) | C11: =SUMIF('📋 Data Pasien'!E257:E349,"Cash",'📋 Data Pasien'!D257:D349) | D11: =SUMIF('📋 Data Pasien'!E257:E349,"Transfer Bank",'📋 Data Pasien'!D257:D349) | E11: =SUMIF('📋 Data Pasien'!C257:C349,"<>",'📋 Data Pasien'!D257:D349) | F11: =SUMIFS('📋 Data Pasien'!G257:G349,'📋 Data Pasien'!H257:H349,"Cash",'📋 Data Pasien'!F257:F349,"Ambil Obat") | G11: =SUMIFS('📋 Data Pasien'!G257:G349,'📋 Data Pasien'!H257:H349,"Transfer Bank",'📋 Data Pasien'!F257:F349,"Ambil Obat") | H11: =SUMIF('📋 Data Pasien'!F257:F349,"Ambil Obat",'📋 Data Pasien'!G257:G349) | I11: =IF(E11=0,"",E11+H11)
A12: 18 May – 24 May 2026 | B12: =COUNTA('📋 Data Pasien'!C352:C468) | C12: =SUMIF('📋 Data Pasien'!E352:E468,"Cash",'📋 Data Pasien'!D352:D468) | D12: =SUMIF('📋 Data Pasien'!E352:E468,"Transfer Bank",'📋 Data Pasien'!D352:D468) | E12: =SUMIF('📋 Data Pasien'!C352:C468,"<>",'📋 Data Pasien'!D352:D468) | F12: =SUMIFS('📋 Data Pasien'!G352:G468,'📋 Data Pasien'!H352:H468,"Cash",'📋 Data Pasien'!F352:F468,"Ambil Obat") | G12: =SUMIFS('📋 Data Pasien'!G352:G468,'📋 Data Pasien'!H352:H468,"Transfer Bank",'📋 Data Pasien'!F352:F468,"Ambil Obat") | H12: =SUMIF('📋 Data Pasien'!F352:F468,"Ambil Obat",'📋 Data Pasien'!G352:G468) | I12: =IF(E12=0,"",E12+H12)
A13: 25 May – 31 May 2026 | B13: =COUNTA('📋 Data Pasien'!C471:C587) | C13: =SUMIF('📋 Data Pasien'!E471:E587,"Cash",'📋 Data Pasien'!D471:D587) | D13: =SUMIF('📋 Data Pasien'!E471:E587,"Transfer Bank",'📋 Data Pasien'!D471:D587) | E13: =SUMIF('📋 Data Pasien'!C471:C587,"<>",'📋 Data Pasien'!D471:D587) | F13: =SUMIFS('📋 Data Pasien'!G471:G587,'📋 Data Pasien'!H471:H587,"Cash",'📋 Data Pasien'!F471:F587,"Ambil Obat") | G13: =SUMIFS('📋 Data Pasien'!G471:G587,'📋 Data Pasien'!H471:H587,"Transfer Bank",'📋 Data Pasien'!F471:F587,"Ambil Obat") | H13: =SUMIF('📋 Data Pasien'!F471:F587,"Ambil Obat",'📋 Data Pasien'!G471:G587) | I13: =IF(E13=0,"",E13+H13)
A14: 01 Jun – 07 Jun 2026 | B14: =COUNTA('📋 Data Pasien'!C590:C706) | C14: =SUMIF('📋 Data Pasien'!E590:E706,"Cash",'📋 Data Pasien'!D590:D706) | D14: =SUMIF('📋 Data Pasien'!E590:E706,"Transfer Bank",'📋 Data Pasien'!D590:D706) | E14: =SUMIF('📋 Data Pasien'!C590:C706,"<>",'📋 Data Pasien'!D590:D706) | F14: =SUMIFS('📋 Data Pasien'!G590:G706,'📋 Data Pasien'!H590:H706,"Cash",'📋 Data Pasien'!F590:F706,"Ambil Obat") | G14: =SUMIFS('📋 Data Pasien'!G590:G706,'📋 Data Pasien'!H590:H706,"Transfer Bank",'📋 Data Pasien'!F590:F706,"Ambil Obat") | H14: =SUMIF('📋 Data Pasien'!F590:F706,"Ambil Obat",'📋 Data Pasien'!G590:G706) | I14: =IF(E14=0,"",E14+H14)
A15: 08 Jun – 14 Jun 2026 | B15: =COUNTA('📋 Data Pasien'!C709:C825) | C15: =SUMIF('📋 Data Pasien'!E709:E825,"Cash",'📋 Data Pasien'!D709:D825) | D15: =SUMIF('📋 Data Pasien'!E709:E825,"Transfer Bank",'📋 Data Pasien'!D709:D825) | E15: =SUMIF('📋 Data Pasien'!C709:C825,"<>",'📋 Data Pasien'!D709:D825) | F15: =SUMIFS('📋 Data Pasien'!G709:G825,'📋 Data Pasien'!H709:H825,"Cash",'📋 Data Pasien'!F709:F825,"Ambil Obat") | G15: =SUMIFS('📋 Data Pasien'!G709:G825,'📋 Data Pasien'!H709:H825,"Transfer Bank",'📋 Data Pasien'!F709:F825,"Ambil Obat") | H15: =SUMIF('📋 Data Pasien'!F709:F825,"Ambil Obat",'📋 Data Pasien'!G709:G825) | I15: =IF(E15=0,"",E15+H15)
A16: 15 Jun – 21 Jun 2026 | B16: =COUNTA('📋 Data Pasien'!C828:C944) | C16: =SUMIF('📋 Data Pasien'!E828:E944,"Cash",'📋 Data Pasien'!D828:D944) | D16: =SUMIF('📋 Data Pasien'!E828:E944,"Transfer Bank",'📋 Data Pasien'!D828:D944) | E16: =SUMIF('📋 Data Pasien'!C828:C944,"<>",'📋 Data Pasien'!D828:D944) | F16: =SUMIFS('📋 Data Pasien'!G828:G944,'📋 Data Pasien'!H828:H944,"Cash",'📋 Data Pasien'!F828:F944,"Ambil Obat") | G16: =SUMIFS('📋 Data Pasien'!G828:G944,'📋 Data Pasien'!H828:H944,"Transfer Bank",'📋 Data Pasien'!F828:F944,"Ambil Obat") | H16: =SUMIF('📋 Data Pasien'!F828:F944,"Ambil Obat",'📋 Data Pasien'!G828:G944) | I16: =IF(E16=0,"",E16+H16)
A17: 22 Jun – 28 Jun 2026 | B17: =COUNTA('📋 Data Pasien'!C947:C1063) | C17: =SUMIF('📋 Data Pasien'!E947:E1063,"Cash",'📋 Data Pasien'!D947:D1063) | D17: =SUMIF('📋 Data Pasien'!E947:E1063,"Transfer Bank",'📋 Data Pasien'!D947:D1063) | E17: =SUMIF('📋 Data Pasien'!C947:C1063,"<>",'📋 Data Pasien'!D947:D1063) | F17: =SUMIFS('📋 Data Pasien'!G947:G1063,'📋 Data Pasien'!H947:H1063,"Cash",'📋 Data Pasien'!F947:F1063,"Ambil Obat") | G17: =SUMIFS('📋 Data Pasien'!G947:G1063,'📋 Data Pasien'!H947:H1063,"Transfer Bank",'📋 Data Pasien'!F947:F1063,"Ambil Obat") | H17: =SUMIF('📋 Data Pasien'!F947:F1063,"Ambil Obat",'📋 Data Pasien'!G947:G1063) | I17: =IF(E17=0,"",E17+H17)
A18: 29 Jun – 30 Jun 2026 | B18: =COUNTA('📋 Data Pasien'!C1066:C1097) | C18: =SUMIF('📋 Data Pasien'!E1066:E1097,"Cash",'📋 Data Pasien'!D1066:D1097) | D18: =SUMIF('📋 Data Pasien'!E1066:E1097,"Transfer Bank",'📋 Data Pasien'!D1066:D1097) | E18: =SUMIF('📋 Data Pasien'!C1066:C1097,"<>",'📋 Data Pasien'!D1066:D1097) | F18: =SUMIFS('📋 Data Pasien'!G1066:G1097,'📋 Data Pasien'!H1066:H1097,"Cash",'📋 Data Pasien'!F1066:F1097,"Ambil Obat") | G18: =SUMIFS('📋 Data Pasien'!G1066:G1097,'📋 Data Pasien'!H1066:H1097,"Transfer Bank",'📋 Data Pasien'!F1066:F1097,"Ambil Obat") | H18: =SUMIF('📋 Data Pasien'!F1066:F1097,"Ambil Obat",'📋 Data Pasien'!G1066:G1097) | I18: =IF(E18=0,"",E18+H18)
A19: TOTAL | C19: =SUM(C5:C18) | D19: =SUM(D5:D18) | E19: =SUM(E5:E18) | F19: =SUM(F5:F18) | G19: =SUM(G5:G18) | H19: =SUM(H5:H18) | I19: =SUM(I5:I18)

Sheet 🗓️ Laporan Bulanan
A1: 🗓️ LAPORAN BULANAN
A2: Rekap bulanan — April s/d Juni 2026 · Data otomatis dari sheet Data Pasien
A4: Periode | B4: Jml Pasien | C4: Dokter Cash (Rp) | D4: Dokter Transfer (Rp) | E4: Total Dokter (Rp) | F4: Obat Cash (Ambil, Rp) | G4: Obat Transfer (Ambil, Rp) | H4: Total Obat (Ambil, Rp) | I4: Grand Total (Rp)
A5: April 2026 | B5: =COUNTA('📋 Data Pasien'!C7:C130) | C5: =SUMIF('📋 Data Pasien'!E7:E130,"Cash",'📋 Data Pasien'!D7:D130) | D5: =SUMIF('📋 Data Pasien'!E7:E130,"Transfer Bank",'📋 Data Pasien'!D7:D130) | E5: =SUMIF('📋 Data Pasien'!C7:C130,"<>",'📋 Data Pasien'!D7:D130) | F5: =SUMIFS('📋 Data Pasien'!G7:G130,'📋 Data Pasien'!H7:H130,"Cash",'📋 Data Pasien'!F7:F130,"Ambil Obat") | G5: =SUMIFS('📋 Data Pasien'!G7:G130,'📋 Data Pasien'!H7:H130,"Transfer Bank",'📋 Data Pasien'!F7:F130,"Ambil Obat") | H5: =SUMIF('📋 Data Pasien'!F7:F130,"Ambil Obat",'📋 Data Pasien'!G7:G130) | I5: =IF(E5=0,"",E5+H5)
A6: Mei 2026 | B6: =COUNTA('📋 Data Pasien'!C133:C587) | C6: =SUMIF('📋 Data Pasien'!E133:E587,"Cash",'📋 Data Pasien'!D133:D587) | D6: =SUMIF('📋 Data Pasien'!E133:E587,"Transfer Bank",'📋 Data Pasien'!D133:D587) | E6: =SUMIF('📋 Data Pasien'!C133:C587,"<>",'📋 Data Pasien'!D133:D587) | F6: =SUMIFS('📋 Data Pasien'!G133:G587,'📋 Data Pasien'!H133:H587,"Cash",'📋 Data Pasien'!F133:F587,"Ambil Obat") | G6: =SUMIFS('📋 Data Pasien'!G133:G587,'📋 Data Pasien'!H133:H587,"Transfer Bank",'📋 Data Pasien'!F133:F587,"Ambil Obat") | H6: =SUMIF('📋 Data Pasien'!F133:F587,"Ambil Obat",'📋 Data Pasien'!G133:G587) | I6: =IF(E6=0,"",E6+H6)
A7: Juni 2026 | B7: =COUNTA('📋 Data Pasien'!C590:C1097) | C7: =SUMIF('📋 Data Pasien'!E590:E1097,"Cash",'📋 Data Pasien'!D590:D1097) | D7: =SUMIF('📋 Data Pasien'!E590:E1097,"Transfer Bank",'📋 Data Pasien'!D590:D1097) | E7: =SUMIF('📋 Data Pasien'!C590:C1097,"<>",'📋 Data Pasien'!D590:D1097) | F7: =SUMIFS('📋 Data Pasien'!G590:G1097,'📋 Data Pasien'!H590:H1097,"Cash",'📋 Data Pasien'!F590:F1097,"Ambil Obat") | G7: =SUMIFS('📋 Data Pasien'!G590:G1097,'📋 Data Pasien'!H590:H1097,"Transfer Bank",'📋 Data Pasien'!F590:F1097,"Ambil Obat") | H7: =SUMIF('📋 Data Pasien'!F590:F1097,"Ambil Obat",'📋 Data Pasien'!G590:G1097) | I7: =IF(E7=0,"",E7+H7)
A8: TOTAL | C8: =SUM(C5:C7) | D8: =SUM(D5:D7) | E8: =SUM(E5:E7) | F8: =SUM(F5:F7) | G8: =SUM(G5:G7) | H8: =SUM(H5:H7) | I8: =SUM(I5:I7)
A55: TOTAL | C55: =SUM(C5:C54) | D55: =SUM(D5:D54) | E55: =SUM(E5:E54) | F55: =SUM(F5:F54) | G55: =SUM(G5:G54) | H55: =SUM(H5:H54) | I55: =SUM(I5:I54)

Sheet 📊 Dashboard
A1: 📊 DASHBOARD RINGKASAN KEUANGAN KLINIK
A2: Periode April – Juni 2026 · Data real-time dari sheet Data Pasien
A4: 👥 Total Pasien | C4: 💰 Total Pendapatan | E4: 💵 Total Cash | G4: 🏦 Total Transfer | I4: ❌ Tidak Ambil Obat
A5: =COUNTA('📋 Data Pasien'!C7:C1097) | C5: =E5+G5 | E5: =SUMIF('📋 Data Pasien'!E7:E1097,"Cash",'📋 Data Pasien'!D7:D1097)+SUMIF('📋 Data Pasien'!H7:H1097,"Cash",'📋 Data Pasien'!G7:G1097) | G5: =SUMIF('📋 Data Pasien'!E7:E1097,"Transfer Bank",'📋 Data Pasien'!D7:D1097)+SUMIF('📋 Data Pasien'!H7:H1097,"Transfer Bank",'📋 Data Pasien'!G7:G1097) | I5: =COUNTIF('📋 Data Pasien'!F7:F1097,"Tidak Ambil Obat")
A7: pasien tercatat | C7: dokter + obat (ambil) | E7: semua cash | G7: semua transfer bank | I7: pasien (obat tidak dihitung)
A9: BREAKDOWN JENIS PEMBAYARAN
A10: Jenis Bayar | B10: Biaya Dokter (Rp) | C10: Biaya Obat (Rp) | D10: Total (Rp)
A11: 💵 Cash | B11: =SUMIF('📋 Data Pasien'!E7:E1097,"Cash",'📋 Data Pasien'!D7:D1097) | C11: =SUMIF('📋 Data Pasien'!H7:H1097,"Cash",'📋 Data Pasien'!G7:G1097) | D11: =B11+C11
A12: 🏦 Transfer Bank | B12: =SUMIF('📋 Data Pasien'!E7:E1097,"Transfer Bank",'📋 Data Pasien'!D7:D1097) | C12: =SUMIF('📋 Data Pasien'!H7:H1097,"Transfer Bank",'📋 Data Pasien'!G7:G1097) | D12: =B12+C12
A13: 📊 TOTAL | B13: =B11+B12 | C13: =C11+C12 | D13: =D11+D12
A15: 💳 DETAIL TOTAL CASH & TRANSFER BANK
A16: Jenis Pembayaran | B16: Biaya Dokter (Rp) | C16: Jml Transaksi Dokter | D16: Biaya Obat (Rp) | E16: Jml Transaksi Obat | F16: GRAND TOTAL (Rp) | G16: % dari Total
A17: 💵 CASH | B17: =SUMIF('📋 Data Pasien'!E7:E1097,"Cash",'📋 Data Pasien'!D7:D1097) | C17: =COUNTIF('📋 Data Pasien'!E7:E1097,"Cash")&" transaksi" | D17: =SUMIF('📋 Data Pasien'!H7:H1097,"Cash",'📋 Data Pasien'!G7:G1097) | E17: =COUNTIF('📋 Data Pasien'!H7:H1097,"Cash")&" transaksi" | F17: =SUMIF('📋 Data Pasien'!E7:E1097,"Cash",'📋 Data Pasien'!D7:D1097)+SUMIF('📋 Data Pasien'!H7:H1097,"Cash",'📋 Data Pasien'!G7:G1097) | G17: =IF(F19=0,"",F17/F19)
A18: 🏦 TRANSFER BANK | B18: =SUMIF('📋 Data Pasien'!E7:E1097,"Transfer Bank",'📋 Data Pasien'!D7:D1097) | C18: =COUNTIF('📋 Data Pasien'!E7:E1097,"Transfer Bank")&" transaksi" | D18: =SUMIF('📋 Data Pasien'!H7:H1097,"Transfer Bank",'📋 Data Pasien'!G7:G1097) | E18: =COUNTIF('📋 Data Pasien'!H7:H1097,"Transfer Bank")&" transaksi" | F18: =SUMIF('📋 Data Pasien'!E7:E1097,"Transfer Bank",'📋 Data Pasien'!D7:D1097)+SUMIF('📋 Data Pasien'!H7:H1097,"Transfer Bank",'📋 Data Pasien'!G7:G1097) | G18: =IF(F19=0,"",F18/F19)
A19: 📊 GRAND TOTAL | B19: =B17+B18 | C19: =COUNTA('📋 Data Pasien'!E7:E1097) | D19: =D17+D18 | E19: =COUNTA('📋 Data Pasien'!H7:H1097) | F19: =F17+F18 | G19: "100.0%"

Sheet Asumsi
A1: KLINIK – ASUMSI DOKTER FEE
A3: JADWAL PRAKTEK DOKTER
A4: DOKTER | B4: HARI PRAKTEK | C4: KETERANGAN
A5: dr. ARIF | B5: Rabu, Kamis | C5: 2 hari/minggu
A6: dr. HAWA | B6: Selasa, Sabtu, Minggu | C6: 3 hari/minggu
A7: dr. JOJO | B7: Senin, Jumat | C7: 2 hari/minggu
A9: STRUKTUR DOKTER FEE
A10: JENIS LAYANAN | B10: DOKTER FEE TOTAL | C10: BAGIAN DOKTER | D10: BAGIAN KLINIK
A11: Konsultasi (tanpa tindakan) | B11: 150000 | C11: 105000 | D11: =B11-C11
A12: Konsultasi + Tindakan | B12: 200000 | C12: 130000 | D12: =B12-C12
A13: Konsultasi + Tindakan | B13: 250000 | C13: 155000 | D13: =B13-C13
A14: Konsultasi + Tindakan | B14: 300000 | C14: 180000 | D14: =B14-C14
A17: CATATAN ASUMSI
A18: • Fee 150.000: Pasien konsultasi tanpa tindakan medis
A19: • Fee 200.000: Pasien konsultasi disertai tindakan medis
A20: • Pembagian bersifat tetap (fixed split) per jenis layanan
A21: • Data dapat diubah di sheet 'Input Harian'

Sheet ⚙️ Master Data
A1: ⚙️ MASTER DATA — Kustomisasi dropdown
A3: Status Obat | B3: Keterangan | C3: Pembayaran | D3: Nama Bank
A4: Ambil Obat | B4: Konsultasi | C4: Cash | D4: BCA
A5: Tidak Ambil Obat | B5: Rawat Jalan | C5: Transfer Bank | D5: BNI
B6: Follow Up | D6: BRI
B7: Kontrol Rutin | D7: Mandiri
B8: Pemeriksaan Umum | D8: BSI
B9: Pemeriksaan Lab | D9: CIMB
B10: Vaksinasi | D10: Danamon
B11: Tindakan
B12: Lainnya

Sheet 📌 Petunjuk
A1: 📌 PANDUAN PENGGUNAAN SISTEM
A3: 📅 Struktur Blok per Tanggal
A4: Sheet Data Pasien sudah dibagi menjadi blok per hari (April – Juni 2026). Setiap hari memiliki: • 1 baris header hijau tua → nama hari & tanggal • 15 baris input kosong → isi Nama, Biaya, Jenis Bayar, Status Obat • 1 baris subtotal biru tua → muncul otomatis saat data diisi
A8: 📊 Subtotal Otomatis
A9: Baris subtotal (🔵 biru tua) muncul otomatis di akhir setiap tanggal. Jika belum ada data, subtotal menampilkan '— belum ada data —'. Begitu nama pasien pertama diisi, subtotal langsung menampilkan: • Total Biaya Dokter • Ringkasan Cash/Transfer • Total Biaya Obat (hanya Ambil Obat) • Grand Total hari itu (kuning emas)
A13: 🟡🔵 Warna Jenis Bayar Otomatis
A14: Pilih Cash → sel Biaya & Jenis Bayar berubah KUNING otomatis Pilih Transfer Bank → berubah BIRU otomatis Berlaku independen untuk Dokter (D+E) dan Obat (G+H)
A18: 🔴 Tidak Ambil Obat
A19: Pilih 'Tidak Ambil Obat' di kolom F: → Seluruh baris merah → Biaya Obat dicoret → Total = hanya biaya dokter (obat tidak dihitung)
A23: 💰 Format Accounting
A24: Semua angka menggunakan format Accounting: • Rp rata kiri, angka rata kanan • Nol = tanda - • Negatif = (250.000) dalam kurung
